season,group,stage,team,position,played,won,drawn,lost,goals_for,goals_against,goal_diff,points,bonus
1957,Grupo A,octogonal,medellin,1,3,3,0,0,13,4,9,6,
1957,Grupo A,octogonal,quindio,2,2,2,0,0,3,1,2,4,
1957,Grupo A,octogonal,magdalena,3,2,1,1,0,2,2,0,3,
1957,Grupo A,octogonal,pereira,4,3,1,0,2,6,6,0,2,
1957,Grupo A,octogonal,santafe,5,2,0,1,1,4,5,-1,1,
1957,Grupo A,octogonal,tolima,6,1,0,0,1,0,1,-1,0,
1957,Grupo A,octogonal,boca-cali,7,1,0,0,1,0,2,-2,0,
1957,Grupo A,octogonal,cucuta,8,2,0,0,2,2,11,-9,0,
1957,Grupo B,cuadrangulares,medellin,1,10,5,2,3,24,16,8,12,
1957,Grupo B,cuadrangulares,pereira,2,10,5,2,3,23,18,5,12,
1957,Grupo B,cuadrangulares,tolima,3,10,4,4,2,22,19,3,12,
1957,Grupo B,cuadrangulares,quindio,4,10,2,6,2,18,18,0,10,
1957,Grupo B,cuadrangulares,nacional,5,10,3,3,4,17,16,1,9,
1957,Grupo B,cuadrangulares,magdalena,6,10,0,5,5,10,27,-17,5,
1957,Grupo C,cuadrangulares,cucuta,1,10,6,2,2,19,14,5,14,
1957,Grupo C,cuadrangulares,bucaramanga,2,10,5,2,3,15,9,6,12,
1957,Grupo C,cuadrangulares,santafe,3,10,4,2,4,14,12,2,10,
1957,Grupo C,cuadrangulares,millonarios,4,10,4,2,4,13,15,-2,10,
1957,Grupo C,cuadrangulares,boca-cali,5,10,3,2,5,10,14,-4,8,
1957,Grupo C,cuadrangulares,america,6,10,3,0,7,10,17,-7,6,
1957,Grupo D,cuadrangulares,tolima,1,4,2,1,1,8,6,2,5,
1957,Grupo D,cuadrangulares,pereira,2,4,2,1,1,7,6,1,5,
1957,Grupo D,cuadrangulares,medellin,3,4,1,0,3,5,8,-3,2,
1969,Grupo A,triangulares,cali,1,4,3,1,0,7,4,3,7,
1969,Grupo A,triangulares,america,2,4,1,1,2,6,7,-1,3,
1969,Grupo A,triangulares,millonarios,3,4,1,0,3,2,4,-2,2,
1970,Grupo A,cuadrangular-final,cali,1,6,2,3,1,7,3,4,7,
1970,Grupo A,cuadrangular-final,junior,2,6,2,3,1,9,6,3,7,
1970,Grupo A,cuadrangular-final,santafe,3,6,1,5,0,8,6,2,7,
1970,Grupo A,cuadrangular-final,cucuta,4,6,0,3,3,5,14,-9,3,
1971,Grupo A,cuadrangular-final,santafe,1,6,2,3,1,8,6,2,7,
1971,Grupo A,cuadrangular-final,nacional,2,6,2,3,1,7,6,1,7,
1971,Grupo A,cuadrangular-final,millonarios,3,6,2,2,2,6,5,1,6,
1971,Grupo A,cuadrangular-final,cali,4,6,1,2,3,7,11,-4,4,
1972,Grupo A,finalizacion,cali,1,4,3,0,1,7,4,3,6,
1972,Grupo A,finalizacion,millonarios,2,4,2,1,1,6,4,2,5,
1972,Grupo A,finalizacion,nacional,3,4,0,1,3,1,6,-5,1,
1972,Grupo B,triangulares,millonarios,1,4,1,3,0,3,2,1,5,
1972,Grupo B,triangulares,cali,2,4,1,2,1,4,2,2,4,
1972,Grupo B,triangulares,junior,3,4,1,1,2,2,5,-3,3,
1973,Grupo A,triangulares,nacional,1,4,3,0,1,5,4,1,6,
1973,Grupo A,triangulares,millonarios,2,4,1,1,2,3,3,0,3,
1973,Grupo A,triangulares,cali,3,4,1,1,2,2,3,-1,3,
1973,Grupo B,triangulares,millonarios,1,2,1,1,0,3,2,1,3,
1973,Grupo B,triangulares,cali,2,2,0,1,1,2,3,-1,1,
1974,Grupo A,cuadrangulares,cali,1,21,11,8,2,29,13,16,30,
1974,Grupo A,cuadrangulares,america,2,21,10,7,4,22,16,6,27,
1974,Grupo A,cuadrangulares,millonarios,3,21,10,6,5,26,14,12,26,
1974,Grupo A,cuadrangulares,santafe,4,21,10,4,7,27,21,6,24,
1974,Grupo A,cuadrangulares,nacional,5,21,8,8,5,28,16,12,24,
1974,Grupo A,cuadrangulares,junior,6,21,8,6,7,26,24,2,22,
1974,Grupo A,cuadrangulares,medellin,7,21,5,8,8,23,29,-6,18,
1974,Grupo B,cuadrangulares,pereira,1,21,10,5,6,21,17,4,25,
1974,Grupo B,cuadrangulares,quindio,2,21,9,3,9,34,27,7,21,
1974,Grupo B,cuadrangulares,tolima,3,21,9,3,9,26,29,-3,21,
1974,Grupo B,cuadrangulares,bucaramanga,4,21,6,6,9,22,23,-1,18,
1974,Grupo B,cuadrangulares,cucuta,5,21,5,7,9,23,31,-8,17,
1974,Grupo B,cuadrangulares,caldas,6,21,4,4,13,16,36,-20,12,
1974,Grupo B,cuadrangulares,magdalena,7,21,2,5,14,16,43,-27,9,
1974,Grupo C,hexagonal,cali,1,10,5,3,2,12,10,2,13,
1974,Grupo C,hexagonal,nacional,2,10,3,5,2,18,15,3,11,
1974,Grupo C,hexagonal,pereira,3,10,2,6,2,19,16,3,10,
1974,Grupo C,hexagonal,millonarios,4,10,3,3,4,13,14,-1,9,
1974,Grupo C,hexagonal,junior,5,10,3,3,4,19,23,-4,9,
1974,Grupo C,hexagonal,america,6,10,2,4,4,15,18,-3,8,
1975,Grupo A,cuadrangulares,santafe,1,21,10,6,5,28,18,10,26,
1975,Grupo A,cuadrangulares,millonarios,2,21,9,7,5,25,20,5,25,
1975,Grupo A,cuadrangulares,junior,3,21,6,10,5,27,26,1,22,
1975,Grupo A,cuadrangulares,cali,4,21,7,7,7,35,33,2,21,
1975,Grupo A,cuadrangulares,medellin,5,21,6,8,7,22,26,-4,20,
1975,Grupo A,cuadrangulares,pereira,6,21,6,7,8,23,28,-5,19,
1975,Grupo A,cuadrangulares,magdalena,7,21,2,9,10,17,33,-16,13,
1975,Grupo B,cuadrangulares,bucaramanga,1,21,10,6,5,34,21,13,26,
1975,Grupo B,cuadrangulares,america,2,21,10,5,6,30,27,3,25,
1975,Grupo B,cuadrangulares,cucuta,3,21,10,4,7,29,22,7,24,
1975,Grupo B,cuadrangulares,quindio,4,21,9,5,7,18,16,2,23,
1975,Grupo B,cuadrangulares,nacional,5,21,6,10,5,18,13,5,22,
1975,Grupo B,cuadrangulares,caldas,6,21,5,5,11,17,33,-16,15,
1975,Grupo B,cuadrangulares,tolima,7,21,3,7,11,22,29,-7,13,
1975,Grupo C,hexagonal,santafe,1,10,7,2,1,20,10,10,16,
1975,Grupo C,hexagonal,millonarios,2,10,5,3,2,15,11,4,13,
1975,Grupo C,hexagonal,cali,3,10,5,3,2,15,6,9,13,
1975,Grupo C,hexagonal,bucaramanga,4,10,2,3,5,9,16,-7,7,
1975,Grupo C,hexagonal,junior,5,10,2,2,6,7,15,-8,6,
1975,Grupo C,hexagonal,medellin,6,10,2,1,7,11,19,-8,5,
1976,Grupo A,cuadrangulares,cali,1,21,11,4,6,43,35,8,26,
1976,Grupo A,cuadrangulares,nacional,2,21,10,6,5,38,18,20,26,
1976,Grupo A,cuadrangulares,millonarios,3,21,8,10,3,40,29,11,26,
1976,Grupo A,cuadrangulares,caldas,4,21,9,5,7,34,28,6,23,
1976,Grupo A,cuadrangulares,santafe,5,21,8,5,8,24,26,-2,21,
1976,Grupo A,cuadrangulares,junior,6,21,6,8,7,27,28,-1,20,
1976,Grupo A,cuadrangulares,cucuta,7,21,4,7,10,23,37,-14,15,
1976,Grupo B,cuadrangulares,quindio,1,21,7,11,3,28,22,6,25,
1976,Grupo B,cuadrangulares,medellin,2,21,8,6,7,32,32,0,22,
1976,Grupo B,cuadrangulares,bucaramanga,3,21,7,7,7,22,27,-5,21,
1976,Grupo B,cuadrangulares,magdalena,4,21,4,12,5,23,24,-1,20,
1976,Grupo B,cuadrangulares,america,5,21,6,7,8,28,28,0,19,
1976,Grupo B,cuadrangulares,pereira,6,21,5,9,7,26,33,-7,19,
1976,Grupo B,cuadrangulares,tolima,7,21,4,7,10,18,39,-21,15,
1976,Grupo C,hexagonal,nacional,1,10,6,2,2,20,7,13,14,
1976,Grupo C,hexagonal,cali,2,10,5,2,3,23,15,8,12,
1976,Grupo C,hexagonal,millonarios,3,10,5,2,3,15,11,4,12,
1976,Grupo C,hexagonal,junior,4,10,5,1,4,15,15,0,11,
1976,Grupo C,hexagonal,caldas,5,10,3,1,6,14,21,-7,7,
1976,Grupo C,hexagonal,quindio,6,10,1,2,7,7,25,-18,4,
1977,Grupo A,cuadrangulares,cali,1,21,12,5,4,36,18,18,29,
1977,Grupo A,cuadrangulares,millonarios,2,21,9,8,4,30,21,9,26,
1977,Grupo A,cuadrangulares,nacional,3,21,8,8,5,26,23,3,24,
1977,Grupo A,cuadrangulares,santafe,4,21,9,4,8,33,26,7,22,
1977,Grupo A,cuadrangulares,america,5,21,6,9,6,26,25,1,21,
1977,Grupo A,cuadrangulares,caldas,6,21,6,8,7,35,38,-3,20,
1977,Grupo A,cuadrangulares,junior,7,21,5,8,8,18,26,-8,18,
1977,Grupo B,cuadrangulares,bucaramanga,1,21,6,10,5,23,21,2,22,
1977,Grupo B,cuadrangulares,quindio,2,21,7,6,8,20,25,-5,20,
1977,Grupo B,cuadrangulares,cucuta,3,21,6,8,7,21,25,-4,20,
1977,Grupo B,cuadrangulares,magdalena,4,21,6,8,7,21,25,-4,20,
1977,Grupo B,cuadrangulares,pereira,5,21,5,8,8,23,27,-4,18,
1977,Grupo B,cuadrangulares,medellin,6,21,4,10,7,27,29,-2,18,
1977,Grupo B,cuadrangulares,tolima,7,21,5,6,10,16,26,-10,16,
1977,Grupo C,hexagonal,junior,1,10,7,1,2,14,9,5,15,
1977,Grupo C,hexagonal,cali,2,10,5,2,3,20,13,7,12,
1977,Grupo C,hexagonal,millonarios,3,10,5,2,3,15,13,2,12,
1977,Grupo C,hexagonal,nacional,4,10,3,4,3,12,10,2,10,
1977,Grupo C,hexagonal,santafe,5,10,2,3,5,13,17,-4,7,
1977,Grupo C,hexagonal,bucaramanga,6,10,2,0,8,12,24,-12,4,
1978,Grupo A,cuadrangulares,america,1,21,10,7,4,32,23,9,27,
1978,Grupo A,cuadrangulares,millonarios,2,21,10,6,5,32,26,6,26,
1978,Grupo A,cuadrangulares,nacional,3,21,10,3,8,25,18,7,23,
1978,Grupo A,cuadrangulares,santafe,4,21,8,6,7,38,31,7,22,
1978,Grupo A,cuadrangulares,cucuta,5,21,7,8,6,25,27,-2,22,
1978,Grupo A,cuadrangulares,cali,6,21,5,6,10,27,35,-8,16,
1978,Grupo A,cuadrangulares,bucaramanga,7,21,4,8,9,26,30,-4,16,
1978,Grupo B,cuadrangulares,caldas,1,21,11,6,4,39,25,14,28,
1978,Grupo B,cuadrangulares,junior,2,21,10,5,6,37,28,9,25,
1978,Grupo B,cuadrangulares,magdalena,3,21,9,6,6,28,23,5,24,
1978,Grupo B,cuadrangulares,pereira,4,21,8,5,8,28,30,-2,21,
1978,Grupo B,cuadrangulares,tolima,5,21,4,8,9,21,35,-14,16,
1978,Grupo B,cuadrangulares,quindio,6,21,5,5,11,20,31,-11,15,
1978,Grupo B,cuadrangulares,medellin,7,21,2,9,10,18,34,-16,13,
1978,Grupo C,cuadrangulares,nacional,1,6,3,1,2,6,7,-1,7,
1978,Grupo C,cuadrangulares,cali,2,6,2,3,1,7,5,2,7,
1978,Grupo C,cuadrangulares,junior,3,6,1,4,1,6,5,1,6,
1978,Grupo C,cuadrangulares,caldas,4,6,1,2,3,5,7,-2,4,
1978,Grupo D,cuadrangulares,santafe,1,6,3,2,1,17,12,5,8,
1978,Grupo D,cuadrangulares,millonarios,2,6,2,2,2,8,9,-1,6,
1978,Grupo D,cuadrangulares,cucuta,3,6,1,3,2,10,12,-2,5,
1978,Grupo D,cuadrangulares,america,4,6,1,3,2,11,13,-2,5,
1978,Grupo E,cuadrangulares,millonarios,1,6,3,3,0,8,3,5,9,
1978,Grupo E,cuadrangulares,cali,2,6,2,3,1,6,6,0,7,
1978,Grupo E,cuadrangulares,nacional,3,6,1,3,2,8,10,-2,5,
1978,Grupo E,cuadrangulares,santafe,4,6,1,1,4,7,10,-3,3,
1979,Grupo A,cuadrangulares,america,1,21,13,5,3,33,14,19,31,
1979,Grupo A,cuadrangulares,cali,2,21,11,5,5,30,21,9,27,
1979,Grupo A,cuadrangulares,magdalena,3,21,10,5,6,24,20,4,25,
1979,Grupo A,cuadrangulares,junior,4,21,7,8,6,25,24,1,22,
1979,Grupo A,cuadrangulares,millonarios,5,21,7,7,7,35,26,9,21,
1979,Grupo A,cuadrangulares,caldas,6,21,7,4,10,34,29,5,18,
1979,Grupo A,cuadrangulares,medellin,7,21,3,5,13,15,42,-27,11,
1979,Grupo B,cuadrangulares,pereira,1,21,11,5,5,42,32,10,27,
1979,Grupo B,cuadrangulares,nacional,2,21,5,13,3,26,23,3,23,
1979,Grupo B,cuadrangulares,quindio,3,21,7,8,6,26,21,5,22,
1979,Grupo B,cuadrangulares,santafe,4,21,7,8,6,32,28,4,22,
1979,Grupo B,cuadrangulares,bucaramanga,5,21,7,5,9,27,36,-9,19,
1979,Grupo B,cuadrangulares,cucuta,6,21,1,11,9,19,31,-12,13,
1979,Grupo B,cuadrangulares,tolima,7,21,3,7,11,16,37,-21,13,
1979,Grupo C,cuadrangulares,junior,1,6,3,2,1,6,3,3,8,
1979,Grupo C,cuadrangulares,america,2,6,2,2,2,6,7,-1,6,
1979,Grupo C,cuadrangulares,nacional,3,6,1,3,2,8,8,0,5,
1979,Grupo C,cuadrangulares,pereira,4,6,1,3,2,5,7,-2,5,
1979,Grupo D,cuadrangulares,magdalena,1,6,2,3,1,5,2,3,7,
1979,Grupo D,cuadrangulares,santafe,2,6,2,3,1,9,6,3,7,
1979,Grupo D,cuadrangulares,cali,3,6,1,4,1,5,4,1,6,
1979,Grupo D,cuadrangulares,caldas,4,6,1,2,3,5,12,-7,4,
1979,Grupo E,cuadrangulares,america,1,6,3,2,1,6,3,3,8,
1979,Grupo E,cuadrangulares,santafe,2,6,4,0,2,6,5,1,8,
1979,Grupo E,cuadrangulares,magdalena,3,6,3,1,2,10,7,3,7,
1979,Grupo E,cuadrangulares,junior,4,6,0,1,5,4,11,-7,1,
1980,Grupo A,cuadrangulares,cali,1,21,8,10,3,41,28,13,26,
1980,Grupo A,cuadrangulares,millonarios,2,21,8,10,3,36,31,5,26,
1980,Grupo A,cuadrangulares,america,3,21,8,9,4,30,26,4,25,
1980,Grupo A,cuadrangulares,pereira,4,21,6,9,6,38,39,-1,21,
1980,Grupo A,cuadrangulares,caldas,5,21,4,10,7,18,22,-4,18,
1980,Grupo A,cuadrangulares,quindio,6,21,2,10,9,16,30,-14,14,
1980,Grupo A,cuadrangulares,junior,7,21,2,6,13,12,28,-16,10,
1980,Grupo B,cuadrangulares,cucuta,1,21,10,8,3,33,22,11,28,
1980,Grupo B,cuadrangulares,nacional,2,21,10,6,5,34,26,8,26,
1980,Grupo B,cuadrangulares,tolima,3,21,9,8,4,30,21,9,26,
1980,Grupo B,cuadrangulares,santafe,4,21,6,10,5,32,30,2,22,
1980,Grupo B,cuadrangulares,medellin,5,21,7,6,8,22,24,-2,20,
1980,Grupo B,cuadrangulares,magdalena,6,21,6,7,8,21,24,-3,19,
1980,Grupo B,cuadrangulares,bucaramanga,7,21,2,9,10,18,30,-12,13,
1980,Grupo C,cuadrangulares,america,1,6,4,1,1,9,4,5,9,
1980,Grupo C,cuadrangulares,cali,2,6,3,2,1,11,6,5,8,
1980,Grupo C,cuadrangulares,millonarios,3,6,2,1,3,8,13,-5,5,
1980,Grupo C,cuadrangulares,cucuta,4,6,0,2,4,6,11,-5,2,
1980,Grupo D,cuadrangulares,junior,1,6,3,2,1,8,10,-2,8,
1980,Grupo D,cuadrangulares,nacional,2,6,3,1,2,11,9,2,7,
1980,Grupo D,cuadrangulares,caldas,3,6,2,1,3,17,13,4,5,
1980,Grupo D,cuadrangulares,pereira,4,6,1,2,3,8,12,-4,4,
1980,Grupo E,cuadrangulares,junior,1,6,3,3,0,9,6,3,9,
1980,Grupo E,cuadrangulares,cali,2,6,2,3,1,11,10,1,7,
1980,Grupo E,cuadrangulares,america,3,6,1,2,3,5,7,-2,4,
1980,Grupo E,cuadrangulares,nacional,4,6,0,4,2,9,11,-2,4,
1981,Grupo A,cuadrangulares,quindio,1,21,8,9,4,33,31,2,25,
1981,Grupo A,cuadrangulares,cali,2,21,9,5,7,32,26,6,23,
1981,Grupo A,cuadrangulares,magdalena,3,21,9,5,7,24,25,-1,23,
1981,Grupo A,cuadrangulares,nacional,4,21,8,5,8,28,27,1,21,
1981,Grupo A,cuadrangulares,cucuta,5,21,5,11,5,29,33,-4,21,
1981,Grupo A,cuadrangulares,millonarios,6,21,5,9,7,20,25,-5,19,
1981,Grupo A,cuadrangulares,america,7,21,8,2,11,31,30,1,18,
1981,Grupo B,cuadrangulares,tolima,1,21,10,7,4,29,20,9,27,
1981,Grupo B,cuadrangulares,junior,2,21,8,8,5,34,29,5,24,
1981,Grupo B,cuadrangulares,caldas,3,21,8,5,8,32,32,0,21,
1981,Grupo B,cuadrangulares,bucaramanga,4,21,7,6,8,23,25,-2,20,
1981,Grupo B,cuadrangulares,santafe,5,21,6,6,9,31,33,-2,18,
1981,Grupo B,cuadrangulares,medellin,6,21,6,6,9,25,29,-4,18,
1981,Grupo B,cuadrangulares,pereira,7,21,4,8,9,26,32,-6,16,
1981,Grupo C,cuadrangulares,america,1,6,4,1,1,12,1,11,9,
1981,Grupo C,cuadrangulares,junior,2,6,4,1,1,11,9,2,9,
1981,Grupo C,cuadrangulares,millonarios,3,6,1,1,4,5,12,-7,3,
1981,Grupo C,cuadrangulares,magdalena,4,6,1,1,4,3,9,-6,3,
1981,Grupo D,cuadrangulares,tolima,1,6,2,4,0,6,4,2,8,
1981,Grupo D,cuadrangulares,nacional,2,6,2,3,1,8,4,4,7,
1981,Grupo D,cuadrangulares,cali,3,6,2,2,2,10,9,1,6,
1981,Grupo D,cuadrangulares,quindio,4,6,0,3,3,3,10,-7,3,
1981,Grupo E,cuadrangulares,nacional,1,6,3,2,1,7,6,1,8,
1981,Grupo E,cuadrangulares,tolima,2,6,2,2,2,10,9,1,6,
1981,Grupo E,cuadrangulares,america,3,6,1,3,2,6,8,-2,5,
1981,Grupo E,cuadrangulares,junior,4,6,1,3,2,10,10,0,5,
1982,Grupo A,octogonal,america,1,14,8,4,2,22,14,8,20,
1982,Grupo A,octogonal,tolima,2,14,6,5,3,20,16,4,17,
1982,Grupo A,octogonal,millonarios,3,14,6,3,5,17,15,2,15,
1982,Grupo A,octogonal,pereira,4,14,5,4,5,22,22,0,14,
1982,Grupo A,octogonal,cali,5,14,2,9,3,16,18,-2,13,
1982,Grupo A,octogonal,nacional,6,14,4,3,7,17,21,-4,11,
1982,Grupo A,octogonal,medellin,7,14,4,3,7,13,18,-5,11,
1982,Grupo A,octogonal,junior,8,14,3,5,6,16,19,-3,11,
1982,Grupo B,cuadrangulares,america,1,21,11,5,5,37,17,20,27,
1982,Grupo B,cuadrangulares,pereira,2,21,7,10,4,27,22,5,24,
1982,Grupo B,cuadrangulares,nacional,3,21,8,7,6,35,28,7,23,
1982,Grupo B,cuadrangulares,cali,4,21,8,6,7,25,32,-7,22,
1982,Grupo B,cuadrangulares,medellin,5,21,5,12,4,28,23,5,22,
1982,Grupo B,cuadrangulares,santafe,6,21,6,8,7,41,36,5,20,
1982,Grupo B,cuadrangulares,magdalena,7,21,7,4,10,25,38,-13,18,
1982,Grupo C,cuadrangulares,tolima,1,21,14,5,2,45,19,26,33,
1982,Grupo C,cuadrangulares,millonarios,2,21,12,5,4,33,12,21,29,
1982,Grupo C,cuadrangulares,junior,3,21,13,1,7,37,21,16,27,
1982,Grupo C,cuadrangulares,caldas,4,21,6,4,11,23,38,-15,16,
1982,Grupo C,cuadrangulares,bucaramanga,5,21,7,1,13,26,42,-16,15,
1982,Grupo C,cuadrangulares,cucuta,6,21,4,7,10,29,43,-14,15,
1982,Grupo C,cuadrangulares,quindio,7,21,1,3,17,18,55,-37,5,
1983,Grupo A,octogonal,america,1,14,7,5,2,23,15,8,19.75,
1983,Grupo A,octogonal,junior,2,14,7,4,3,24,14,10,19,
1983,Grupo A,octogonal,nacional,3,14,6,6,2,19,13,6,19,
1983,Grupo A,octogonal,millonarios,4,14,5,6,3,14,9,5,16.75,
1983,Grupo A,octogonal,caldas,5,14,5,3,6,15,23,-8,14,
1983,Grupo A,octogonal,santafe,6,14,4,4,6,23,26,-3,12,
1983,Grupo A,octogonal,cali,7,14,3,3,8,13,23,-10,9,
1983,Grupo A,octogonal,medellin,8,14,1,5,8,8,16,-8,7.5,
1983,Grupo B,cuadrangulares,caldas,1,14,9,2,3,17,9,8,20,
1983,Grupo B,cuadrangulares,medellin,2,14,6,5,3,21,11,10,17,
1983,Grupo B,cuadrangulares,cali,3,14,6,4,4,18,14,4,16,
1983,Grupo B,cuadrangulares,santafe,4,14,6,1,7,15,18,-3,13,
1983,Grupo B,cuadrangulares,tolima,5,14,4,5,5,14,19,-5,13,
1983,Grupo B,cuadrangulares,magdalena,6,14,4,4,6,20,21,-1,12,
1983,Grupo B,cuadrangulares,cucuta,7,14,0,6,8,9,23,-14,6,
1983,Grupo C,cuadrangulares,junior,1,14,10,0,4,26,18,8,20,
1983,Grupo C,cuadrangulares,millonarios,2,14,7,4,3,21,17,4,18,
1983,Grupo C,cuadrangulares,america,3,14,6,4,4,24,20,4,16,
1983,Grupo C,cuadrangulares,bucaramanga,4,14,4,6,4,21,19,2,14,
1983,Grupo C,cuadrangulares,nacional,5,14,5,3,6,13,13,0,13,
1983,Grupo C,cuadrangulares,pereira,6,14,3,3,8,19,25,-6,9,
1983,Grupo C,cuadrangulares,quindio,7,14,3,3,8,7,18,-11,9,
1984,Grupo A,octogonal,america,1,14,6,6,2,15,9,6,20,
1984,Grupo A,octogonal,millonarios,2,14,6,6,2,16,8,8,18.25,
1984,Grupo A,octogonal,medellin,3,14,4,7,3,13,10,3,15,
1984,Grupo A,octogonal,tolima,4,14,5,4,5,12,13,-1,14.25,
1984,Grupo A,octogonal,junior,5,14,4,5,5,11,15,-4,14.25,
1984,Grupo A,octogonal,bucaramanga,6,14,5,3,6,13,15,-2,13,
1984,Grupo A,octogonal,nacional,7,14,3,4,7,11,16,-5,11.25,
1984,Grupo A,octogonal,magdalena,8,14,3,5,6,7,12,-5,11,
1984,Grupo B,cuadrangulares,junior,1,14,11,0,3,28,9,19,22,
1984,Grupo B,cuadrangulares,nacional,2,14,9,2,3,19,8,11,20,
1984,Grupo B,cuadrangulares,quindio,3,14,5,4,5,12,21,-9,14,
1984,Grupo B,cuadrangulares,santafe,4,14,5,2,7,17,24,-7,12,
1984,Grupo B,cuadrangulares,cali,5,14,5,1,8,13,16,-3,11,
1984,Grupo B,cuadrangulares,pereira,6,14,4,2,8,15,19,-4,10,
1984,Grupo B,cuadrangulares,cucuta,7,14,1,3,10,14,32,-18,5,
1984,Grupo C,cuadrangulares,america,1,14,9,2,3,27,14,13,20,
1984,Grupo C,cuadrangulares,tolima,2,14,6,6,2,16,11,5,18,
1984,Grupo C,cuadrangulares,millonarios,3,14,5,6,3,23,25,-2,16,
1984,Grupo C,cuadrangulares,bucaramanga,4,14,5,3,6,25,26,-1,13,
1984,Grupo C,cuadrangulares,magdalena,5,14,5,3,6,14,16,-2,13,
1984,Grupo C,cuadrangulares,medellin,6,14,4,4,6,9,12,-3,12,
1984,Grupo C,cuadrangulares,caldas,7,14,3,4,7,11,20,-9,10,
1985,Grupo A,octogonal,america,1,14,9,1,4,22,14,8,20.5,
1985,Grupo A,octogonal,cali,2,14,8,3,3,22,8,14,20,
1985,Grupo A,octogonal,millonarios,3,14,7,4,3,27,18,9,18,
1985,Grupo A,octogonal,junior,4,14,5,6,3,20,17,3,17,
1985,Grupo A,octogonal,medellin,5,14,4,5,5,22,20,2,13.75,
1985,Grupo A,octogonal,nacional,6,14,6,1,7,13,24,-11,13.5,
1985,Grupo A,octogonal,magdalena,7,14,2,3,9,16,27,-11,7,
1985,Grupo A,octogonal,bucaramanga,8,14,2,3,9,20,34,-14,7,
1985,Grupo B,cuadrangulares,medellin,1,14,5,7,2,13,12,1,17,
1985,Grupo B,cuadrangulares,cali,2,14,6,4,4,13,9,4,16,
1985,Grupo B,cuadrangulares,millonarios,3,14,5,6,3,15,12,3,16,
1985,Grupo B,cuadrangulares,bucaramanga,4,14,5,5,4,26,21,5,15,
1985,Grupo B,cuadrangulares,magdalena,5,14,4,5,5,13,14,-1,13,
1985,Grupo B,cuadrangulares,pereira,6,14,2,8,4,18,19,-1,12,
1985,Grupo B,cuadrangulares,tolima,7,14,1,8,5,11,21,-10,10,
1985,Grupo C,cuadrangulares,junior,1,14,9,2,3,31,14,17,20,
1985,Grupo C,cuadrangulares,america,2,14,7,4,3,19,12,7,18,
1985,Grupo C,cuadrangulares,nacional,3,14,7,2,5,19,14,5,16,
1985,Grupo C,cuadrangulares,caldas,4,14,5,5,4,15,18,-3,15,
1985,Grupo C,cuadrangulares,santafe,5,14,2,6,6,22,26,-4,10,
1985,Grupo C,cuadrangulares,quindio,6,14,3,3,8,13,22,-9,9,
1985,Grupo C,cuadrangulares,cucuta,7,14,2,5,7,10,24,-14,9,
1985,Grupo D,playoffs,junior,1,2,1,1,0,2,0,2,3,
1985,Grupo D,playoffs,medellin,2,2,0,1,1,0,2,-2,1,
1985,Grupo E,playoffs,america,1,2,1,1,0,4,3,1,3,
1985,Grupo E,playoffs,cali,2,2,0,1,1,3,4,-1,1,
1986,Grupo A,octogonal,america,1,14,9,3,2,24,12,12,22,
1986,Grupo A,octogonal,cali,2,14,10,0,4,25,14,11,20.25,
1986,Grupo A,octogonal,millonarios,3,14,7,2,5,16,13,3,17.5,
1986,Grupo A,octogonal,junior,4,14,6,3,5,16,15,1,16,
1986,Grupo A,octogonal,medellin,5,14,3,5,6,11,19,-8,12.25,
1986,Grupo A,octogonal,nacional,6,14,3,4,7,12,15,-3,10,
1986,Grupo A,octogonal,quindio,7,14,3,4,7,10,15,-5,10,
1986,Grupo A,octogonal,caldas,8,14,3,3,8,18,29,-11,9,
1986,Grupo B,cuadrangulares,medellin,1,14,7,4,3,18,11,7,18,
1986,Grupo B,cuadrangulares,millonarios,2,14,6,5,3,25,13,12,17,
1986,Grupo B,cuadrangulares,quindio,3,14,6,5,3,21,11,10,17,
1986,Grupo B,cuadrangulares,cali,4,14,5,3,6,14,17,-3,13,
1986,Grupo B,cuadrangulares,magdalena,5,14,5,3,6,13,21,-8,13,
1986,Grupo B,cuadrangulares,caldas,6,14,3,6,5,13,14,-1,12,
1986,Grupo B,cuadrangulares,bucaramanga,7,13,2,6,5,12,22,-10,10,
1986,Grupo C,cuadrangulares,junior,1,14,6,7,1,25,14,11,19,
1986,Grupo C,cuadrangulares,america,2,14,7,4,3,28,14,14,18,
1986,Grupo C,cuadrangulares,cucuta,3,14,4,7,3,13,14,-1,15,
1986,Grupo C,cuadrangulares,nacional,4,14,5,4,5,14,13,1,14,
1986,Grupo C,cuadrangulares,santafe,5,14,4,6,4,13,13,0,14,
1986,Grupo C,cuadrangulares,pereira,6,14,4,6,4,16,19,-3,14,
1986,Grupo C,cuadrangulares,tolima,7,14,0,2,12,7,32,-25,2,
1986,Grupo D,apertura,junior,1,2,0,2,0,1,1,0,2,
1986,Grupo D,apertura,medellin,2,2,0,2,0,1,1,0,2,
1986,Grupo E,apertura,millonarios,1,2,1,0,1,3,2,1,2,
1986,Grupo E,apertura,america,2,2,1,0,1,2,3,-1,2,
1987,Grupo A,octogonal,millonarios,1,14,7,6,1,24,8,16,22,
1987,Grupo A,octogonal,america,2,14,6,7,1,12,6,6,20.25,
1987,Grupo A,octogonal,santafe,3,14,7,4,3,15,11,4,18.25,
1987,Grupo A,octogonal,nacional,4,14,6,5,3,26,9,17,18.25,
1987,Grupo A,octogonal,junior,5,14,5,6,3,13,10,3,16.25,
1987,Grupo A,octogonal,cali,6,14,3,6,5,12,16,-4,12,
1987,Grupo A,octogonal,pereira,7,14,1,3,10,6,26,-20,5,
1987,Grupo A,octogonal,medellin,8,14,1,3,10,6,28,-22,5,
1987,Grupo B,cuadrangulares,millonarios,1,14,6,7,1,27,17,10,19,
1987,Grupo B,cuadrangulares,nacional,2,14,6,5,3,17,11,6,17,
1987,Grupo B,cuadrangulares,cali,3,14,5,5,4,21,16,5,15,
1987,Grupo B,cuadrangulares,tolima,4,14,4,6,4,16,16,0,14,
1987,Grupo B,cuadrangulares,caldas,5,14,3,6,5,22,24,-2,12,
1987,Grupo B,cuadrangulares,cucuta,6,14,4,2,8,10,22,-12,10,
1987,Grupo B,cuadrangulares,magdalena,7,14,2,6,6,14,19,-5,10,
1987,Grupo C,cuadrangulares,america,1,14,7,5,2,29,14,15,19,
1987,Grupo C,cuadrangulares,junior,2,14,6,6,2,22,18,4,18,
1987,Grupo C,cuadrangulares,santafe,3,14,5,4,5,27,18,9,14,
1987,Grupo C,cuadrangulares,pereira,4,14,5,4,5,17,24,-7,14,
1987,Grupo C,cuadrangulares,bucaramanga,5,14,4,4,6,16,19,-3,12,
1987,Grupo C,cuadrangulares,quindio,6,14,2,8,4,15,20,-5,12,
1987,Grupo C,cuadrangulares,medellin,7,14,4,2,8,17,30,-13,10,
1987,Grupo D,apertura,millonarios,1,2,1,1,0,3,1,2,3,
1987,Grupo D,apertura,america,2,2,0,1,1,1,3,-2,1,
1987,Grupo E,apertura,nacional,1,2,1,0,1,4,2,2,2,
1987,Grupo E,apertura,junior,2,2,1,0,1,2,4,-2,2,
1988,Grupo A,octogonal,millonarios,1,14,10,3,1,32,10,22,24.5,1.5
1988,Grupo A,octogonal,nacional,2,14,10,3,1,23,5,18,24.5,1.5
1988,Grupo A,octogonal,america,3,14,7,4,3,31,16,15,18.75,0.75
1988,Grupo A,octogonal,santafe,4,14,7,3,4,23,12,11,17.75,0.75
1988,Grupo A,octogonal,junior,5,14,4,6,4,15,15,0,14.25,0.25
1988,Grupo A,octogonal,pereira,6,14,2,3,9,9,32,-23,7,0
1988,Grupo A,octogonal,quindio,7,14,1,4,9,7,33,-26,6,0
1988,Grupo A,octogonal,cucuta,8,14,1,2,11,7,24,-17,4,0
1988,Grupo B,pentagonales,millonarios,1,8,5,1,2,10,6,4,11,
1988,Grupo B,pentagonales,cucuta,2,8,3,4,1,8,7,1,10,
1988,Grupo B,pentagonales,santafe,3,8,3,1,4,8,9,-1,7,
1988,Grupo B,pentagonales,bucaramanga,4,8,2,3,3,7,10,-3,7,
1988,Grupo B,pentagonales,tolima,5,8,1,3,4,11,22,-11,5,
1988,Grupo C,pentagonales,pereira,1,8,4,2,2,10,7,3,10,
1988,Grupo C,pentagonales,america,2,8,3,4,1,7,5,2,10,
1988,Grupo C,pentagonales,cali,3,8,2,4,2,8,8,0,8,
1988,Grupo C,pentagonales,quindio,4,8,1,5,2,6,9,-3,7,
1988,Grupo C,pentagonales,caldas,5,8,1,3,4,5,7,-2,5,
1988,Grupo D,pentagonales,nacional,1,8,7,0,1,13,3,10,14,
1988,Grupo D,pentagonales,sporting,2,8,3,3,2,8,7,1,9,
1988,Grupo D,pentagonales,magdalena,3,8,2,2,4,5,7,-2,6,
1988,Grupo D,pentagonales,junior,4,8,2,2,4,5,9,-4,6,
1988,Grupo D,pentagonales,medellin,5,8,1,3,4,7,12,-5,5,
1988,Grupo E,triangulares,nacional,1,4,2,2,0,5,2,3,6,
1988,Grupo E,triangulares,millonarios,2,4,0,4,0,1,1,0,4,
1988,Grupo E,triangulares,pereira,3,4,0,2,2,1,4,-3,2,
1988,Grupo F,triangulares,america,1,4,3,1,0,7,4,3,7,
1988,Grupo F,triangulares,cucuta,2,4,1,1,2,3,4,-1,3,
1988,Grupo F,triangulares,sporting,3,4,0,2,2,4,6,-2,2,
1988,Grupo 7,triangulares,cali,1,4,2,1,1,9,6,3,5,
1988,Grupo 7,triangulares,santafe,2,4,2,1,1,6,4,2,5,
1988,Grupo 7,triangulares,magdalena,3,4,1,0,3,3,8,-5,2,
1988,Grupo 8,triangulares,quindio,1,4,3,0,1,6,3,3,6,
1988,Grupo 8,triangulares,junior,2,4,2,0,2,5,5,0,4,
1988,Grupo 8,triangulares,bucaramanga,3,4,1,0,3,4,7,-3,2,
1988,Grupo 9,triangulares,tolima,1,4,3,1,0,8,4,4,7,
1988,Grupo 9,triangulares,medellin,2,4,1,2,1,4,4,0,4,
1988,Grupo 9,triangulares,caldas,3,4,0,2,2,5,9,-4,2,
1989,Grupo A,cuadrangulares,junior,1,6,3,2,1,9,4,5,8,
1989,Grupo A,cuadrangulares,millonarios,2,6,3,2,1,9,5,4,8,
1989,Grupo A,cuadrangulares,america,3,6,2,2,2,8,9,-1,6,
1989,Grupo A,cuadrangulares,medellin,4,6,0,2,4,7,13,-6,2,
1989,Grupo B,cuadrangulares,magdalena,1,6,3,1,2,12,8,4,7,
1989,Grupo B,cuadrangulares,nacional,2,6,2,3,1,10,9,1,7,
1989,Grupo B,cuadrangulares,santafe,3,6,2,2,2,10,13,-3,6,
1989,Grupo B,cuadrangulares,quindio,4,6,2,0,4,10,12,-2,4,
1989,Grupo C,liguilla,magdalena,1,4,2,1,1,7,7,0,5,
1989,Grupo C,liguilla,america,2,4,1,2,1,9,5,4,4,
1989,Grupo C,liguilla,nacional,3,4,1,2,1,6,6,0,4,
1989,Grupo C,liguilla,medellin,4,4,1,1,2,4,8,-4,3,
1990,Grupo A,pentagonales,america,1,8,5,3,0,12,3,9,13,
1990,Grupo A,pentagonales,cali,2,8,3,3,2,13,8,5,9,
1990,Grupo A,pentagonales,caldas,3,8,3,1,4,11,17,-6,7,
1990,Grupo A,pentagonales,quindio,4,8,2,2,4,10,13,-3,6,
1990,Grupo A,pentagonales,pereira,5,8,1,3,4,5,10,-5,5,
1990,Grupo B,pentagonales,medellin,1,8,3,3,2,9,7,2,13,
1990,Grupo B,pentagonales,junior,2,8,2,5,1,13,8,5,9,
1990,Grupo B,pentagonales,magdalena,3,8,3,1,4,11,17,-6,7,
1990,Grupo B,pentagonales,sporting,4,8,2,2,4,10,13,-3,6,
1990,Grupo B,pentagonales,nacional,5,8,2,2,4,10,13,-3,6,
1990,Grupo C,pentagonales,bucaramanga,1,8,4,2,2,10,2,8,10,
1990,Grupo C,pentagonales,millonarios,2,8,3,3,2,8,8,0,9,
1990,Grupo C,pentagonales,santafe,3,8,2,5,2,9,8,1,9,
1990,Grupo C,pentagonales,tolima,4,8,1,4,3,6,10,-4,6,
1990,Grupo C,pentagonales,cucuta,5,8,0,6,2,5,7,-2,6,
1990,Grupo D,cuadrangulares,america,1,6,3,1,2,8,4,4,9,2
1990,Grupo D,cuadrangulares,bucaramanga,2,6,3,0,3,10,12,-2,6.5,0.5
1990,Grupo D,cuadrangulares,cali,3,6,3,0,3,9,11,-2,6.25,0.25
1990,Grupo D,cuadrangulares,quindio,4,6,2,1,3,7,7,0,5,0
1990,Grupo E,cuadrangulares,nacional,1,6,2,3,1,4,3,1,7.5,0.5
1990,Grupo E,cuadrangulares,santafe,2,6,2,2,2,7,7,0,6.75,0.75
1990,Grupo E,cuadrangulares,caldas,3,6,2,2,2,9,9,0,6,0
1990,Grupo E,cuadrangulares,medellin,4,6,1,3,2,5,6,-1,5.75,0.75
1990,Grupo F,cuadrangulares,america,1,6,3,3,0,12,3,9,11,2
1990,Grupo F,cuadrangulares,nacional,2,6,3,1,2,7,4,3,7.5,0.5
1990,Grupo F,cuadrangulares,bucaramanga,3,6,1,3,2,5,11,-6,5.5,0.5
1990,Grupo F,cuadrangulares,santafe,4,6,0,3,3,5,11,-6,3.75,0.75
1990,Grupo 7,triangulares,america,1,4,2,2,0,11,5,6,10,
1990,Grupo 7,triangulares,medellin,2,4,1,1,2,5,8,-3,9,
1990,Grupo 7,triangulares,bucaramanga,3,4,1,1,2,3,6,-3,9,
1990,Grupo 8,triangulares,millonarios,1,4,2,1,1,6,2,4,10,
1990,Grupo 8,triangulares,junior,2,4,1,2,1,8,8,0,9,
1990,Grupo 8,triangulares,cali,3,4,0,3,1,9,8,1,9,
1990,Grupo 9,triangulares,santafe,1,4,3,1,0,6,2,4,10,
1990,Grupo 9,triangulares,magdalena,2,4,1,1,2,8,8,0,9,
1990,Grupo 9,triangulares,caldas,3,4,1,0,3,9,8,1,9,
1990,Grupo 10,triangulares,quindio,1,4,3,0,1,6,2,4,10,
1990,Grupo 10,triangulares,tolima,2,4,1,2,1,8,8,0,9,
1990,Grupo 10,triangulares,sporting,3,4,0,2,2,9,8,1,9,
1990,Grupo 11,triangulares,nacional,1,4,4,0,0,6,2,4,10,
1990,Grupo 11,triangulares,pereira,2,4,2,0,2,8,8,0,9,
1990,Grupo 11,triangulares,cucuta,3,4,0,0,4,9,8,1,9,
1991,Grupo A,cuadrangulares,nacional,1,6,3,2,1,12,8,4,8.25,0.25
1991,Grupo A,cuadrangulares,junior,2,6,3,1,2,12,10,2,8,1
1991,Grupo A,cuadrangulares,millonarios,3,6,2,2,2,9,11,-2,7,1
1991,Grupo A,cuadrangulares,medellin,4,6,1,1,4,6,10,-4,3.25,0.25
1991,Grupo B,cuadrangulares,america,1,6,4,0,2,10,8,2,8.5,0.5
1991,Grupo B,cuadrangulares,santafe,2,6,3,1,2,9,8,1,7.75,0.75
1991,Grupo B,cuadrangulares,quindio,3,6,2,1,3,9,10,-1,5.75,0.75
1991,Grupo B,cuadrangulares,bucaramanga,4,6,1,2,3,6,8,-2,4.5,0.5
1991,Grupo C,cuadrangulares,nacional,1,6,4,2,0,8,3,5,10.25,0.25
1991,Grupo C,cuadrangulares,america,2,6,3,1,2,12,7,5,7.5,0.5
1991,Grupo C,cuadrangulares,junior,3,6,2,1,3,10,9,1,5,1
1991,Grupo C,cuadrangulares,santafe,4,6,1,0,5,4,15,-11,2.75,0.75
1992,Grupo A,cuadrangulares,america,1,6,2,4,0,15,11,4,9,1
1992,Grupo A,cuadrangulares,nacional,2,6,2,3,1,11,9,2,7.75,0.75
1992,Grupo A,cuadrangulares,santafe,3,6,2,1,3,12,12,0,5.75,0.75
1992,Grupo A,cuadrangulares,magdalena,4,6,1,2,3,12,18,-6,4.5,0.5
1992,Grupo B,cuadrangulares,cali,1,6,4,0,2,7,5,2,9,1
1992,Grupo B,cuadrangulares,junior,2,6,3,2,1,10,6,4,8.75,0.75
1992,Grupo B,cuadrangulares,bucaramanga,3,6,2,1,3,8,12,-4,5,0
1992,Grupo B,cuadrangulares,millonarios,4,6,1,1,4,7,9,-2,3.25,0.25
1992,Grupo C,cuadrangulares,america,1,6,4,1,1,11,6,5,10,1
1992,Grupo C,cuadrangulares,nacional,2,6,3,2,1,11,8,3,8.75,0.75
1992,Grupo C,cuadrangulares,cali,3,6,3,1,2,6,6,0,8,1
1992,Grupo C,cuadrangulares,junior,4,6,0,0,6,3,11,-8,0.75,0.75
1993,Grupo A,cuadrangulares,nacional,1,6,3,2,1,11,7,4,8.5,0.5
1993,Grupo A,cuadrangulares,junior,2,6,3,1,2,9,9,0,8.5,1.5
1993,Grupo A,cuadrangulares,millonarios,3,6,2,1,3,9,8,1,5,0
1993,Grupo A,cuadrangulares,caldas,4,6,1,2,3,4,9,-5,5,1
1993,Grupo B,cuadrangulares,america,1,6,4,2,0,14,3,11,10.25,0.25
1993,Grupo B,cuadrangulares,medellin,2,6,2,3,1,13,10,3,8,1
1993,Grupo B,cuadrangulares,bucaramanga,3,6,2,0,4,8,15,-7,4,0
1993,Grupo B,cuadrangulares,cali,4,6,1,1,4,9,16,-7,3.5,0.5
1993,Grupo C,cuadrangulares,junior,1,6,3,1,2,14,11,3,7,
1993,Grupo C,cuadrangulares,medellin,2,6,3,1,2,10,12,-2,7,
1993,Grupo C,cuadrangulares,nacional,3,6,2,1,3,12,10,2,5,
1993,Grupo C,cuadrangulares,america,4,6,2,1,3,9,12,-3,5,
1994,Grupo A,cuadrangulares,nacional,1,6,3,2,1,10,5,5,10,2
1994,Grupo A,cuadrangulares,medellin,2,6,2,3,1,5,3,2,7.5,0.5
1994,Grupo A,cuadrangulares,envigado,3,6,1,3,2,5,10,-5,5.25,0.25
1994,Grupo A,cuadrangulares,cali,4,6,0,4,2,5,7,-2,4,0
1994,Grupo B,cuadrangulares,america,1,6,5,0,1,9,5,4,10.5,0.5
1994,Grupo B,cuadrangulares,millonarios,2,6,3,0,3,13,8,5,7.5,1.5
1994,Grupo B,cuadrangulares,junior,3,6,2,1,3,5,7,-2,5.25,0.25
1994,Grupo B,cuadrangulares,caldas,4,6,1,1,4,5,12,-7,3,0
1994,Grupo C,cuadrangular-final,nacional,1,6,3,1,2,7,7,0,9,2
1994,Grupo C,cuadrangular-final,millonarios,2,6,3,1,2,8,6,2,8.5,1.5
1994,Grupo C,cuadrangular-final,america,3,6,3,1,2,6,5,1,7.5,0.5
1994,Grupo C,cuadrangular-final,medellin,4,6,0,3,3,2,5,-3,3.5,0.5
1995-96,Grupo A,cuadrangulares,america,1,6,3,2,1,6,2,4,12.75,1.75
1995-96,Grupo A,cuadrangulares,cali,2,6,2,2,2,6,9,-3,11,3
1995-96,Grupo A,cuadrangulares,magdalena,3,6,3,1,2,7,7,0,10,0
1995-96,Grupo A,cuadrangulares,caldas,4,6,1,2,3,9,10,-1,5.5,0.5
1995-96,Grupo B,cuadrangulares,millonarios,1,6,4,0,2,11,7,4,12,0
1995-96,Grupo B,cuadrangulares,nacional,2,6,2,2,2,5,7,-2,9.75,1.75
1995-96,Grupo B,cuadrangulares,tolima,3,6,2,1,3,7,7,0,7.5,0.5
1995-96,Grupo B,cuadrangulares,junior,4,6,2,1,3,6,8,-2,7,0
1995-96,Grupo C,cuadrangulares,cali,1,6,3,2,1,11,7,4,12,
1995-96,Grupo C,cuadrangulares,millonarios,2,6,4,0,2,11,6,5,12,
1995-96,Grupo C,cuadrangulares,nacional,3,6,1,2,3,6,10,-4,5,
1995-96,Grupo C,cuadrangulares,america,4,6,1,2,3,4,9,-5,5,
1995-96,Grupo D,semifinales,envigado,1,6,3,2,1,9,7,2,11,1.0
1995-96,Grupo D,semifinales,santafe,2,6,3,0,3,7,7,0,9,0
1995-96,Grupo D,semifinales,quindio,3,6,2,2,2,7,5,2,8,0
1995-96,Grupo D,semifinales,pereira,4,6,2,0,4,5,9,-4,6,0
1995-96,Grupo E,semifinales,cortulua,1,6,2,3,1,10,9,1,9,0
1995-96,Grupo E,semifinales,medellin,2,6,2,3,1,7,9,-2,9,0
1995-96,Grupo E,semifinales,huila,3,6,2,2,2,8,4,4,8,0
1995-96,Grupo E,semifinales,bucaramanga,4,6,1,2,3,5,8,-3,5,0
1995-96,Grupo F,liguilla,santafe,1,6,4,2,0,11,4,7,14,
1995-96,Grupo F,liguilla,envigado,2,6,3,2,1,6,3,3,11,
1995-96,Grupo F,liguilla,cortulua,3,6,1,3,2,6,8,-2,6,
1995-96,Grupo F,liguilla,medellin,4,6,0,1,5,5,13,-8,1,
1996-97,Grupo A,cuadrangular-final,america,1,6,2,3,1,9,4,5,10,1.0
1996-97,Grupo A,cuadrangular-final,nacional,2,6,3,0,3,8,11,-3,9,0
1996-97,Grupo A,cuadrangular-final,tolima,3,6,2,3,1,6,3,3,9,0
1996-97,Grupo A,cuadrangular-final,cali,4,6,1,2,3,5,10,-5,5,0
1996-97,Grupo B,cuadrangulares,cali,1,22,12,5,5,39,26,13,47,1
1996-97,Grupo B,cuadrangulares,bucaramanga,2,22,10,6,6,35,28,7,37.75,0.75
1996-97,Grupo B,cuadrangulares,santafe,3,22,6,9,7,27,31,-4,30,0
1996-97,Grupo B,cuadrangulares,medellin,4,22,3,6,13,26,39,-13,17,0
1996-97,Grupo C,cuadrangulares,nacional,1,22,11,4,7,37,29,8,38.25,0.25
1996-97,Grupo C,cuadrangulares,caldas,2,22,6,12,4,31,29,2,37,0
1996-97,Grupo C,cuadrangulares,quindio,3,22,9,6,7,29,27,2,35,1
1996-97,Grupo C,cuadrangulares,pereira,4,22,5,6,11,25,35,-10,23,0
1996-97,Grupo D,cuadrangulares,junior,1,22,10,5,7,32,26,6,37.25,0.25
1996-97,Grupo D,cuadrangulares,cortulua,2,22,7,9,6,25,25,0,35,0
1996-97,Grupo D,cuadrangulares,magdalena,3,22,9,4,9,33,31,2,32.5,0.5
1996-97,Grupo D,cuadrangulares,envigado,4,22,5,9,8,18,24,-6,30,0
1996-97,Grupo E,cuadrangulares,quindio,1,6,3,2,1,8,5,3,12,1
1996-97,Grupo E,cuadrangulares,caldas,2,6,3,1,2,7,6,1,10,0
1996-97,Grupo E,cuadrangulares,nacional,3,6,2,1,3,6,8,-2,8,1
1996-97,Grupo E,cuadrangulares,cali,4,6,2,0,4,9,11,-2,6,0
1996-97,Grupo F,cuadrangulares,bucaramanga,1,6,2,4,0,9,3,6,13,3
1996-97,Grupo F,cuadrangulares,millonarios,2,6,2,4,0,9,5,4,13,3
1996-97,Grupo F,cuadrangulares,cortulua,3,6,0,4,2,6,10,-4,5,1
1996-97,Grupo F,cuadrangulares,junior,4,6,1,2,3,5,11,-6,5,0
1996-97,Grupo 7,cuadrangulares,millonarios,1,22,11,6,4,34,22,12,44.75,0.75
1996-97,Grupo 7,cuadrangulares,america,2,22,8,7,7,31,28,3,33,0
1996-97,Grupo 7,cuadrangulares,tolima,3,22,5,10,7,18,25,-7,32.5,0.5
1996-97,Grupo 7,cuadrangulares,unicosta,4,22,4,6,12,24,39,-15,23,0
1998,Grupo A,cuadrangulares,caldas,1,6,3,2,1,7,5,2,14.5,1.5
1998,Grupo A,cuadrangulares,medellin,2,6,4,0,2,7,7,0,13,1
1998,Grupo A,cuadrangulares,quindio,3,6,2,2,2,9,7,2,8,0
1998,Grupo A,cuadrangulares,santafe,4,6,1,0,5,7,11,-4,3,0
1998,Grupo B,cuadrangulares,cali,1,6,3,3,0,13,6,7,13.75,0.75
1998,Grupo B,cuadrangulares,nacional,2,6,1,3,2,8,9,-1,9.25,1.25
1998,Grupo B,cuadrangulares,america,3,6,2,2,2,9,10,-1,8,0
1998,Grupo B,cuadrangulares,millonarios,4,6,1,2,3,6,11,-5,7,0
1999,Grupo A,cuadrangulares,medellin,1,6,3,2,1,10,9,1,11,
1999,Grupo A,cuadrangulares,cali,2,6,3,1,2,12,8,4,10,
1999,Grupo A,cuadrangulares,millonarios,3,6,1,2,3,7,10,-3,5,
1999,Grupo A,cuadrangulares,caldas,3,6,0,5,1,5,7,-2,5,
1999,Grupo B,cuadrangulares,nacional,1,6,5,0,1,14,10,4,15,
1999,Grupo B,cuadrangulares,junior,2,6,3,1,2,11,10,1,10,
1999,Grupo B,cuadrangulares,cortulua,3,6,2,2,2,10,10,0,8,
1999,Grupo B,cuadrangulares,pasto,3,6,0,1,5,7,12,-5,1,
2000,Grupo A,cuadrangular-final,america,1,6,3,1,2,7,3,4,10,
2000,Grupo A,cuadrangular-final,junior,2,6,2,3,1,6,6,0,9,
2000,Grupo A,cuadrangular-final,tolima,3,6,2,1,3,5,6,-1,7,
2000,Grupo A,cuadrangular-final,santafe,4,6,2,1,3,9,12,-3,7,
2001,Grupo A,cuadrangulares,america,1,6,2,4,0,8,5,3,10,
2001,Grupo A,cuadrangulares,caldas,2,6,2,3,1,10,10,0,9,
2001,Grupo A,cuadrangulares,santafe,3,6,1,5,0,6,4,2,8,
2001,Grupo A,cuadrangulares,millonarios,4,6,0,2,4,3,8,-5,2,
2001,Grupo B,cuadrangulares,medellin,1,6,3,2,1,9,5,4,11,
2001,Grupo B,cuadrangulares,cortulua,2,6,3,1,2,5,5,0,10,
2001,Grupo B,cuadrangulares,cali,3,6,2,2,2,5,5,0,8,
2001,Grupo B,cuadrangulares,tolima,4,6,1,1,4,5,9,-4,4,
2002-i,Grupo A,cuadrangulares,nacional,1,6,5,1,0,12,4,8,16,
2002-i,Grupo A,cuadrangulares,magdalena,2,6,3,0,3,12,9,3,9,
2002-i,Grupo A,cuadrangulares,cali,3,6,2,2,2,11,13,-2,8,
2002-i,Grupo A,cuadrangulares,pasto,4,6,0,1,5,4,13,-9,1,
2002-i,Grupo B,cuadrangulares,america,1,6,4,0,2,6,6,0,12,
2002-i,Grupo B,cuadrangulares,santafe,2,6,3,2,1,10,6,4,11,
2002-i,Grupo B,cuadrangulares,envigado,3,6,2,2,2,7,5,2,8,
2002-i,Grupo B,cuadrangulares,bucaramanga,4,6,0,2,4,4,10,-6,2,
2002-ii,Grupo A,cuadrangulares,medellin,1,6,3,2,1,7,4,3,11,
2002-ii,Grupo A,cuadrangulares,cali,2,6,3,1,2,8,5,3,10,
2002-ii,Grupo A,cuadrangulares,bucaramanga,3,6,2,1,3,5,8,-3,7,
2002-ii,Grupo A,cuadrangulares,tolima,4,6,1,2,3,5,8,-3,5,
2002-ii,Grupo B,cuadrangulares,pasto,1,6,3,2,1,7,5,2,11,
2002-ii,Grupo B,cuadrangulares,america,2,6,3,1,2,8,6,2,10,
2002-ii,Grupo B,cuadrangulares,magdalena,3,6,2,1,3,6,8,-2,7,
2002-ii,Grupo B,cuadrangulares,nacional,4,6,1,2,3,4,6,-2,5,
2003-i,Grupo A,cuadrangulares,caldas,1,6,4,2,0,14,3,11,14,
2003-i,Grupo A,cuadrangulares,cali,2,6,3,2,1,10,5,5,11,
2003-i,Grupo A,cuadrangulares,america,3,6,2,0,4,6,12,-6,6,
2003-i,Grupo A,cuadrangulares,magdalena,4,6,0,2,4,3,13,-10,2,
2003-i,Grupo B,cuadrangulares,junior,1,6,4,0,2,9,5,4,12,
2003-i,Grupo B,cuadrangulares,pereira,2,6,3,0,3,9,7,2,9,
2003-i,Grupo B,cuadrangulares,millonarios,3,6,2,1,3,7,9,-2,7,
2003-i,Grupo B,cuadrangulares,centauros,4,6,2,1,3,5,9,-4,7,
2003-ii,Grupo A,cuadrangulares,cali,1,6,3,3,0,10,6,4,12,
2003-ii,Grupo A,cuadrangulares,millonarios,2,6,3,1,2,9,7,2,10,
2003-ii,Grupo A,cuadrangulares,magdalena,3,6,2,3,1,7,6,1,9,
2003-ii,Grupo A,cuadrangulares,pasto,4,6,0,1,5,4,11,-7,1,
2003-ii,Grupo B,cuadrangulares,tolima,1,6,3,1,2,8,7,1,10,
2003-ii,Grupo B,cuadrangulares,junior,2,6,3,1,2,8,7,1,10,
2003-ii,Grupo B,cuadrangulares,nacional,3,6,3,0,3,8,8,0,9,
2003-ii,Grupo B,cuadrangulares,medellin,4,6,2,0,4,8,10,-2,6,
2004-i,Grupo A,cuadrangulares,nacional,1,6,3,1,2,12,8,4,10,
2004-i,Grupo A,cuadrangulares,pasto,2,6,3,1,2,9,6,3,10,
2004-i,Grupo A,cuadrangulares,america,3,6,2,1,3,7,10,-3,7,
2004-i,Grupo A,cuadrangulares,junior,4,6,1,3,2,4,8,-4,6,
2004-i,Grupo B,cuadrangulares,medellin,1,6,3,1,2,15,8,7,10,
2004-i,Grupo B,cuadrangulares,caldas,2,6,3,0,3,7,11,-4,9,
2004-i,Grupo B,cuadrangulares,cali,3,6,2,2,2,9,11,-2,8,
2004-i,Grupo B,cuadrangulares,chico,4,6,2,1,3,9,10,-1,7,
2004-ii,Grupo A,cuadrangulares,nacional,1,6,3,2,1,6,3,3,11,
2004-ii,Grupo A,cuadrangulares,america,2,6,2,2,2,10,8,2,8,
2004-ii,Grupo A,cuadrangulares,tolima,3,6,2,1,3,9,9,0,7,
2004-ii,Grupo A,cuadrangulares,caldas,4,6,2,1,3,5,10,-5,7,
2004-ii,Grupo B,cuadrangulares,junior,1,6,4,1,1,11,5,6,13,
2004-ii,Grupo B,cuadrangulares,cali,2,6,2,2,2,6,6,0,8,
2004-ii,Grupo B,cuadrangulares,medellin,3,6,2,2,2,9,10,-1,8,
2004-ii,Grupo B,cuadrangulares,bucaramanga,4,6,1,1,4,5,10,-5,4,
2005-i,Grupo A,cuadrangulares,nacional,1,6,4,2,0,11,5,6,14,
2005-i,Grupo A,cuadrangulares,tolima,2,6,4,1,1,13,9,4,13,
2005-i,Grupo A,cuadrangulares,medellin,3,6,2,0,4,11,15,-4,6,
2005-i,Grupo A,cuadrangulares,cali,4,6,0,1,5,6,12,-6,1,
2005-i,Grupo B,cuadrangulares,santafe,1,6,4,0,2,8,5,3,12,
2005-i,Grupo B,cuadrangulares,envigado,2,6,3,2,1,9,6,3,11,
2005-i,Grupo B,cuadrangulares,huila,3,6,1,3,2,10,12,-2,6,
2005-i,Grupo B,cuadrangulares,caldas,4,6,0,3,3,6,10,-4,3,
2005-ii,Grupo A,cuadrangulares,cali,1,6,3,2,1,10,6,4,11,
2005-ii,Grupo A,cuadrangulares,junior,2,6,3,1,2,7,8,-1,10,
2005-ii,Grupo A,cuadrangulares,caldas,3,6,2,0,4,7,9,-2,6,
2005-ii,Grupo A,cuadrangulares,america,4,6,1,3,2,8,9,-1,6,
2005-ii,Grupo B,cuadrangulares,real-cartagena,1,6,3,1,2,9,6,3,10,
2005-ii,Grupo B,cuadrangulares,medellin,2,6,3,1,2,9,7,2,10,
2005-ii,Grupo B,cuadrangulares,santafe,3,6,2,2,2,6,8,-2,8,
2005-ii,Grupo B,cuadrangulares,pereira,4,6,2,0,4,8,11,-3,6,
2006-i,Grupo A,cuadrangulares,cali,1,6,3,3,0,11,6,5,12,
2006-i,Grupo A,cuadrangulares,tolima,2,6,2,3,1,9,8,1,9,
2006-i,Grupo A,cuadrangulares,caldas,3,6,2,1,3,7,10,-3,7,
2006-i,Grupo A,cuadrangulares,pereira,4,6,1,1,4,10,13,-3,4,
2006-i,Grupo B,cuadrangulares,pasto,1,6,4,1,1,9,5,4,13,
2006-i,Grupo B,cuadrangulares,cucuta,2,6,3,1,2,8,8,0,10,
2006-i,Grupo B,cuadrangulares,nacional,3,6,2,0,4,9,10,-1,6,
2006-i,Grupo B,cuadrangulares,millonarios,4,6,1,2,3,5,8,-3,5,
2006-ii,Grupo A,cuadrangulares,tolima,1,6,4,0,2,10,5,5,12,
2006-ii,Grupo A,cuadrangulares,nacional,2,6,2,2,2,6,5,1,8,
2006-ii,Grupo A,cuadrangulares,pasto,3,6,2,2,2,8,11,-3,8,
2006-ii,Grupo A,cuadrangulares,chico,4,6,1,2,3,7,10,-3,5,
2006-ii,Grupo B,cuadrangulares,cucuta,1,6,3,1,2,6,4,2,10,
2006-ii,Grupo B,cuadrangulares,medellin,2,6,3,0,3,12,7,5,9,
2006-ii,Grupo B,cuadrangulares,millonarios,3,6,3,0,3,6,10,-4,9,
2006-ii,Grupo B,cuadrangulares,huila,4,6,2,1,3,7,10,-3,7,
2007-i,Grupo A,cuadrangulares,nacional,1,6,4,1,1,12,4,8,13,
2007-i,Grupo A,cuadrangulares,cali,2,6,3,2,1,8,6,2,11,
2007-i,Grupo A,cuadrangulares,chico,3,6,2,0,4,10,12,-2,6,
2007-i,Grupo A,cuadrangulares,santafe,4,6,1,1,4,4,12,-8,4,
2007-i,Grupo B,cuadrangulares,huila,1,6,3,2,1,8,8,0,11,
2007-i,Grupo B,cuadrangulares,cucuta,2,6,2,3,1,9,5,4,9,
2007-i,Grupo B,cuadrangulares,millonarios,3,6,3,0,3,7,8,-1,9,
2007-i,Grupo B,cuadrangulares,medellin,4,6,0,3,3,6,9,-3,3,
2007-ii,Grupo A,cuadrangulares,nacional,1,6,3,2,1,8,5,3,11,
2007-ii,Grupo A,cuadrangulares,america,2,6,3,1,2,6,6,0,10,
2007-ii,Grupo A,cuadrangulares,caldas,3,6,2,1,3,4,5,-1,7,
2007-ii,Grupo A,cuadrangulares,cucuta,4,6,1,2,3,6,8,-2,5,
2007-ii,Grupo B,cuadrangulares,equidad,1,6,3,3,0,6,3,3,12,
2007-ii,Grupo B,cuadrangulares,pasto,2,6,2,2,2,5,3,2,8,
2007-ii,Grupo B,cuadrangulares,tolima,3,6,1,3,2,6,6,0,6,
2007-ii,Grupo B,cuadrangulares,chico,4,6,0,4,2,2,7,-5,4,
2008-i,Grupo A,cuadrangulares,america,1,6,4,1,1,11,4,7,13,
2008-i,Grupo A,cuadrangulares,envigado,2,6,2,2,2,8,9,-1,8,
2008-i,Grupo A,cuadrangulares,santafe,3,6,2,1,3,6,8,-2,7,
2008-i,Grupo A,cuadrangulares,equidad,4,6,1,2,3,4,8,-4,5,
2008-i,Grupo B,cuadrangulares,chico,1,6,2,4,0,9,7,2,10,
2008-i,Grupo B,cuadrangulares,medellin,2,6,2,3,1,10,4,6,9,
2008-i,Grupo B,cuadrangulares,quindio,3,6,1,3,2,5,6,-1,6,
2008-i,Grupo B,cuadrangulares,cali,4,6,1,2,3,6,13,-7,5,
2008-ii,Grupo A,cuadrangulares,medellin,1,6,3,2,1,8,8,0,11,
2008-ii,Grupo A,cuadrangulares,tolima,2,6,3,1,2,11,9,2,10,
2008-ii,Grupo A,cuadrangulares,equidad,3,6,2,1,3,10,8,2,7,
2008-ii,Grupo A,cuadrangulares,nacional,4,6,0,4,2,4,8,-4,4,
2008-ii,Grupo B,cuadrangulares,america,1,6,3,2,1,10,6,4,11,
2008-ii,Grupo B,cuadrangulares,pereira,2,6,3,0,3,9,13,-4,9,
2008-ii,Grupo B,cuadrangulares,junior,3,6,2,1,3,9,8,1,7,
2008-ii,Grupo B,cuadrangulares,cali,4,6,2,1,3,8,9,-1,7,
2009-i,Grupo A,cuadrangulares,caldas,1,6,3,1,2,11,10,1,10,
2009-i,Grupo A,cuadrangulares,equidad,2,6,2,3,1,5,4,1,9,
2009-i,Grupo A,cuadrangulares,tolima,3,6,2,2,2,4,4,0,8,
2009-i,Grupo A,cuadrangulares,chico,4,6,1,2,3,4,6,-2,5,
2009-i,Grupo B,cuadrangulares,junior,1,6,2,3,1,11,6,5,9,
2009-i,Grupo B,cuadrangulares,cali,2,6,2,3,1,8,7,1,9,
2009-i,Grupo B,cuadrangulares,cucuta,3,6,1,3,2,6,9,-3,6,
2009-i,Grupo B,cuadrangulares,envigado,4,6,1,3,2,5,8,-3,6,
2009-ii,Grupo A,cuadrangulares,medellin,1,6,4,2,0,12,6,6,14,
2009-ii,Grupo A,cuadrangulares,junior,2,6,2,3,1,7,5,2,9,
2009-ii,Grupo A,cuadrangulares,pereira,3,6,1,2,3,9,11,-2,5,
2009-ii,Grupo A,cuadrangulares,real-cartagena,4,6,1,1,4,5,11,-6,4,
2009-ii,Grupo B,cuadrangulares,huila,1,6,3,2,1,8,5,3,11,
2009-ii,Grupo B,cuadrangulares,nacional,2,6,3,1,2,10,7,3,10,
2009-ii,Grupo B,cuadrangulares,santafe,3,6,2,1,3,6,11,-5,7,
2009-ii,Grupo B,cuadrangulares,tolima,4,6,1,2,3,9,10,-1,5,
2010-ii,Grupo A,cuadrangulares,tolima,1,6,3,2,1,11,9,2,11,
2010-ii,Grupo A,cuadrangulares,santafe,2,6,3,1,2,8,6,2,10,
2010-ii,Grupo A,cuadrangulares,huila,3,6,2,1,3,9,10,-1,7,
2010-ii,Grupo A,cuadrangulares,equidad,4,6,1,2,3,4,7,-3,5,
2010-ii,Grupo B,cuadrangulares,caldas,1,6,4,1,1,14,7,7,13,
2010-ii,Grupo B,cuadrangulares,cucuta,2,6,2,3,1,7,6,1,9,
2010-ii,Grupo B,cuadrangulares,quindio,3,6,2,0,4,7,12,-5,6,
2010-ii,Grupo B,cuadrangulares,nacional,4,6,1,2,3,9,12,-3,5,
2012-i,Grupo A,cuadrangulares,pasto,1,6,3,2,1,7,6,1,11,
2012-i,Grupo A,cuadrangulares,cali,2,6,3,2,1,8,4,4,11,
2012-i,Grupo A,cuadrangulares,tolima,3,6,3,1,2,6,5,1,10,
2012-i,Grupo A,cuadrangulares,huila,4,6,0,1,5,2,8,-6,1,
2012-i,Grupo B,cuadrangulares,santafe,1,6,4,2,0,10,6,4,14,
2012-i,Grupo B,cuadrangulares,equidad,2,6,2,2,2,10,9,1,8,
2012-i,Grupo B,cuadrangulares,chico,3,6,2,1,3,6,8,-2,7,
2012-i,Grupo B,cuadrangulares,aguilas,4,6,1,1,4,4,7,-3,4,
2012-ii,Grupo A,cuadrangulares,millonarios,1,6,3,1,2,8,6,2,10,
2012-ii,Grupo A,cuadrangulares,pasto,2,6,3,1,2,8,7,1,10,
2012-ii,Grupo A,cuadrangulares,junior,3,6,2,2,2,5,6,-1,8,
2012-ii,Grupo A,cuadrangulares,tolima,4,6,1,2,3,6,8,-2,5,
2012-ii,Grupo B,cuadrangulares,medellin,1,6,3,2,1,4,4,0,11,
2012-ii,Grupo B,cuadrangulares,nacional,2,6,3,1,2,6,4,2,10,
2012-ii,Grupo B,cuadrangulares,aguilas,3,6,2,1,3,4,4,0,7,
2012-ii,Grupo B,cuadrangulares,equidad,4,6,2,0,4,5,7,-2,6,
2013-i,Grupo A,cuadrangulares,santafe,1,6,3,2,1,7,5,2,11,
2013-i,Grupo A,cuadrangulares,millonarios,2,6,3,1,2,10,8,2,10,
2013-i,Grupo A,cuadrangulares,cali,3,6,1,4,1,6,6,0,7,
2013-i,Grupo A,cuadrangulares,caldas,4,6,1,1,4,8,12,-4,4,
2013-i,Grupo B,cuadrangulares,nacional,1,6,3,1,2,9,8,1,10,
2013-i,Grupo B,cuadrangulares,aguilas,2,6,3,0,3,8,9,-1,9,
2013-i,Grupo B,cuadrangulares,tolima,3,6,2,2,2,8,7,1,8,
2013-i,Grupo B,cuadrangulares,pasto,4,6,2,1,3,8,9,-1,7,
2013-ii,Grupo A,cuadrangulares,nacional,1,6,5,1,0,13,4,9,16,
2013-ii,Grupo A,cuadrangulares,junior,2,6,3,1,2,10,7,3,10,
2013-ii,Grupo A,cuadrangulares,santafe,3,6,2,0,4,7,11,-4,6,
2013-ii,Grupo A,cuadrangulares,aguilas,4,6,1,0,5,6,14,-8,3,
2013-ii,Grupo B,cuadrangulares,cali,1,6,5,0,1,13,8,5,15,
2013-ii,Grupo B,cuadrangulares,pasto,2,6,3,0,3,12,12,0,9,
2013-ii,Grupo B,cuadrangulares,millonarios,3,6,2,0,4,9,12,-3,6,
2013-ii,Grupo B,cuadrangulares,caldas,4,6,2,0,4,8,10,-2,6,
2014-ii,Grupo A,cuadrangulares,santafe,1,6,3,2,1,8,6,2,11,
2014-ii,Grupo A,cuadrangulares,huila,2,6,3,2,1,8,6,2,11,
2014-ii,Grupo A,cuadrangulares,nacional,3,6,2,0,4,4,6,-2,6,
2014-ii,Grupo A,cuadrangulares,caldas,4,6,2,0,4,4,6,-2,6,
2014-ii,Grupo B,cuadrangulares,medellin,1,6,3,2,1,11,9,2,11,
2014-ii,Grupo B,cuadrangulares,cali,2,6,2,2,2,12,13,-1,8,
2014-ii,Grupo B,cuadrangulares,aguilas,3,6,1,4,1,11,11,0,7,
2014-ii,Grupo B,cuadrangulares,tolima,4,6,1,2,3,10,11,-1,5,
2019-i,Grupo A,cuadrangulares,pasto,1,6,4,1,1,11,3,8,13,
2019-i,Grupo A,cuadrangulares,millonarios,2,6,3,2,1,7,5,2,11,
2019-i,Grupo A,cuadrangulares,america,3,6,3,0,3,9,7,2,9,
2019-i,Grupo A,cuadrangulares,magdalena,4,6,0,1,5,2,14,-12,1,
2019-i,Grupo B,cuadrangulares,junior,1,6,3,3,0,9,5,4,12,
2019-i,Grupo B,cuadrangulares,tolima,2,6,3,3,0,9,6,3,12,
2019-i,Grupo B,cuadrangulares,cali,3,6,1,1,4,6,9,-3,4,
2019-i,Grupo B,cuadrangulares,nacional,4,6,1,1,4,6,10,-4,4,
2019-ii,Grupo A,cuadrangulares,junior,1,6,3,2,1,11,8,3,11,
2019-ii,Grupo A,cuadrangulares,tolima,2,6,2,3,1,7,5,2,9,
2019-ii,Grupo A,cuadrangulares,nacional,3,6,2,2,2,7,7,0,8,
2019-ii,Grupo A,cuadrangulares,cucuta,4,6,1,1,4,3,8,-5,4,
2019-ii,Grupo B,cuadrangulares,america,1,6,4,0,2,9,5,4,12,
2019-ii,Grupo B,cuadrangulares,cali,2,6,2,2,2,6,6,0,8,
2019-ii,Grupo B,cuadrangulares,santafe,3,6,2,2,2,5,6,-1,8,
2019-ii,Grupo B,cuadrangulares,alianza,4,6,1,2,3,5,8,-3,5,
2020,Grupo A,liguilla,pereira,1,3,2,1,0,5,3,2,7,
2020,Grupo A,liguilla,aguilas,2,3,1,2,0,5,4,1,5,
2020,Grupo A,liguilla,medellin,3,3,1,0,2,5,4,1,3,
2020,Grupo A,liguilla,envigado,4,3,0,1,2,1,5,-4,1,
2020,Grupo B,liguilla,millonarios,1,3,3,0,0,10,4,6,9,
2020,Grupo B,liguilla,caldas,2,3,2,0,1,5,5,0,6,
2020,Grupo B,liguilla,patriotas,3,3,1,0,2,5,6,-1,3,
2020,Grupo B,liguilla,chico,4,3,0,0,3,1,6,-5,0,
2020,Grupo C,liguilla,bucaramanga,1,2,1,1,0,3,2,1,4,
2020,Grupo C,liguilla,jaguares,2,2,0,2,0,2,2,0,2,
2020,Grupo C,liguilla,alianza,3,2,0,1,1,4,5,-1,1,
2021-ii,Grupo A,cuadrangulares,cali,1,6,4,1,1,11,6,5,13,
2021-ii,Grupo A,cuadrangulares,junior,2,6,1,4,1,9,8,1,7,
2021-ii,Grupo A,cuadrangulares,nacional,3,6,1,3,2,10,9,1,6,
2021-ii,Grupo A,cuadrangulares,pereira,4,6,1,2,3,6,13,-7,5,
2021-ii,Grupo B,cuadrangulares,tolima,1,6,3,3,0,11,5,6,12,
2021-ii,Grupo B,cuadrangulares,millonarios,2,6,3,2,1,9,5,4,11,
2021-ii,Grupo B,cuadrangulares,america,3,6,2,0,4,6,9,-3,6,
2021-ii,Grupo B,cuadrangulares,alianza,4,6,1,1,4,6,13,-7,4,
2022-i,Grupo A,cuadrangulares,nacional,1,6,3,3,0,10,5,5,12,
2022-i,Grupo A,cuadrangulares,junior,2,6,2,2,2,5,6,-1,8,
2022-i,Grupo A,cuadrangulares,millonarios,3,6,1,3,2,5,6,-1,6,
2022-i,Grupo A,cuadrangulares,bucaramanga,4,6,2,0,4,5,8,-3,6,
2022-i,Grupo B,cuadrangulares,tolima,1,6,4,1,1,7,2,5,13,
2022-i,Grupo B,cuadrangulares,medellin,2,6,3,2,1,9,3,6,11,
2022-i,Grupo B,cuadrangulares,equidad,3,6,3,0,3,7,8,-1,9,
2022-i,Grupo B,cuadrangulares,envigado,4,6,0,1,5,2,12,-10,1,
2022-ii,Grupo A,cuadrangulares,pereira,1,6,4,0,2,13,9,4,12,
2022-ii,Grupo A,cuadrangulares,millonarios,2,6,3,2,1,7,4,3,11,
2022-ii,Grupo A,cuadrangulares,santafe,3,6,2,3,1,8,9,-1,9,
2022-ii,Grupo A,cuadrangulares,junior,4,6,0,1,5,5,11,-6,1,
2022-ii,Grupo B,cuadrangulares,medellin,1,6,3,2,1,6,3,3,11,
2022-ii,Grupo B,cuadrangulares,aguilas,2,6,3,1,2,9,7,2,10,
2022-ii,Grupo B,cuadrangulares,pasto,3,6,2,2,2,6,6,0,8,
2022-ii,Grupo B,cuadrangulares,america,4,6,1,1,4,4,9,-5,4,
2023-i,Grupo A,cuadrangulares,nacional,1,6,3,3,0,7,4,3,12,
2023-i,Grupo A,cuadrangulares,alianza,2,6,2,4,0,8,5,3,10,
2023-i,Grupo A,cuadrangulares,pasto,3,6,1,3,2,6,5,1,6,
2023-i,Grupo A,cuadrangulares,aguilas,4,6,0,2,4,4,11,-7,2,
2023-i,Grupo B,cuadrangulares,millonarios,1,6,4,1,1,9,6,3,13,
2023-i,Grupo B,cuadrangulares,america,2,6,3,1,2,8,6,2,10,
2023-i,Grupo B,cuadrangulares,chico,3,6,2,2,2,6,6,0,8,
2023-i,Grupo B,cuadrangulares,medellin,4,6,0,2,4,3,8,-5,2,
2023-ii,Grupo A,cuadrangulares,junior,1,6,4,1,1,15,7,8,13,
2023-ii,Grupo A,cuadrangulares,tolima,2,6,4,0,2,15,8,7,12,
2023-ii,Grupo A,cuadrangulares,aguilas,3,6,2,2,2,7,10,-3,8,
2023-ii,Grupo A,cuadrangulares,cali,4,6,0,1,5,4,16,-12,1,
2023-ii,Grupo B,cuadrangulares,medellin,1,6,5,0,1,13,5,8,15,
2023-ii,Grupo B,cuadrangulares,millonarios,2,6,3,0,3,5,5,0,9,
2023-ii,Grupo B,cuadrangulares,nacional,3,6,3,0,3,4,8,-4,9,
2023-ii,Grupo B,cuadrangulares,america,4,6,1,0,5,4,8,-4,3,
2024-i,Grupo A,cuadrangulares,bucaramanga,1,6,2,2,2,4,3,1,8,
2024-i,Grupo A,cuadrangulares,millonarios,2,6,2,2,2,6,5,1,8,
2024-i,Grupo A,cuadrangulares,pereira,3,6,2,2,2,7,8,-1,8,
2024-i,Grupo A,cuadrangulares,junior,4,6,2,2,2,5,6,-1,8,
2024-i,Grupo B,cuadrangulares,santafe,1,6,5,1,0,8,1,7,16,
2024-i,Grupo B,cuadrangulares,tolima,2,6,3,1,2,9,6,3,10,
2024-i,Grupo B,cuadrangulares,caldas,3,6,2,2,2,5,4,1,8,
2024-i,Grupo B,cuadrangulares,equidad,4,6,0,0,6,3,14,-11,0,
2024-ii,Grupo A,cuadrangulares,nacional,1,6,4,1,1,13,4,9,13,
2024-ii,Grupo A,cuadrangulares,millonarios,2,6,3,3,0,7,4,3,12,
2024-ii,Grupo A,cuadrangulares,pasto,3,6,2,1,3,5,6,-1,7,
2024-ii,Grupo A,cuadrangulares,santafe,4,6,0,1,5,2,13,-11,1,
2024-ii,Grupo B,cuadrangulares,tolima,1,6,3,1,2,7,7,0,10,
2024-ii,Grupo B,cuadrangulares,caldas,2,6,2,3,1,8,5,3,9,
2024-ii,Grupo B,cuadrangulares,america,3,6,2,1,3,6,8,-2,7,
2024-ii,Grupo B,cuadrangulares,junior,4,6,2,1,3,7,8,-1,7,
2025-i,Grupo A,cuadrangulares,medellin,1,6,4,2,0,9,4,5,14,
2025-i,Grupo A,cuadrangulares,america,2,6,2,3,1,7,7,0,9,
2025-i,Grupo A,cuadrangulares,tolima,3,6,2,2,2,9,8,1,8,
2025-i,Grupo A,cuadrangulares,junior,4,6,0,1,5,2,8,-6,1,
2025-i,Grupo B,cuadrangulares,santafe,1,6,4,0,2,8,6,2,12,
2025-i,Grupo B,cuadrangulares,millonarios,2,6,2,3,1,5,4,1,9,
2025-i,Grupo B,cuadrangulares,nacional,3,6,2,2,2,5,5,0,8,
2025-i,Grupo B,cuadrangulares,caldas,4,6,0,3,3,4,7,-3,3,
2025-ii,Grupo A,cuadrangulares,junior,1,6,3,2,1,8,6,2,11,
2025-ii,Grupo A,cuadrangulares,america,2,6,2,2,2,8,8,0,8,
2025-ii,Grupo A,cuadrangulares,nacional,3,6,2,2,2,7,7,0,8,
2025-ii,Grupo A,cuadrangulares,medellin,4,6,1,2,3,5,7,-2,5,
2025-ii,Grupo B,cuadrangulares,tolima,1,6,4,2,0,5,1,4,14,
2025-ii,Grupo B,cuadrangulares,bucaramanga,2,6,2,3,1,4,2,2,9,
2025-ii,Grupo B,cuadrangulares,santafe,3,6,2,1,3,6,5,1,7,
2025-ii,Grupo B,cuadrangulares,fortaleza,4,6,1,0,5,3,10,-7,3,
