id,name,team,position,shirt_number,age
jorge-soto,Jorge Soto,aguilas,GK,1,33
hector-arango,Héctor Arango,aguilas,GK,34,24
juan-hurtado,Juan Hurtado,aguilas,GK,,19
john-garcia,John García,aguilas,DF,2,37
jhon-ontaneda,Jhon Ontaneda,aguilas,DF,3,30
andres-mosquera-guardia,Andrés Mosquera Guardia,aguilas,DF,4,36
jhon-melendez,Jhon Meléndez,aguilas,DF,13,24
alberto-higgins,Alberto Higgins,aguilas,DF,20,21
dylan-lozano,Dylan Lozano,aguilas,DF,26,24
sebastian-rodriguez,Sebastián Rodríguez,aguilas,DF,28,25
nicolas-lara,Nicolás Lara,aguilas,DF,30,23
javier-mena,Javier Mena,aguilas,DF,32,21
luis-vasquez-aguilas,Luis Vasquez,aguilas,DF,,23
ivan-rojas,Iván Rojas,aguilas,MF,6,29
andres-ricaurte,Andrés Ricaurte,aguilas,MF,8,34
junior-noguera,Junior Noguera,aguilas,MF,10,24
angel-cortes,Ángel Cortés,aguilas,MF,14,20
fabian-charales,Fabián Charales,aguilas,MF,15,22
matias-ramirez,Matías Ramírez,aguilas,MF,16,27
frank-lozano,Frank Lozano,aguilas,MF,19,33
juan-esteban-avalo,Juan Esteban Ávalo,aguilas,MF,24,24
juan-camilo-roa,Juan Camilo Roa,aguilas,MF,25,31
carlos-londono,Carlos Londoño,aguilas,MF,27,19
eduar-arizalas,Eduar Arízalas,aguilas,FW,7,24
antony-vasquez,Antony Vásquez,aguilas,FW,9,24
tomas-blandon,Tomás Blandón,aguilas,FW,17,19
andres-carreno,Andrés Carreño,aguilas,FW,18,23
ricardo-marquez,Ricardo Márquez,aguilas,FW,21,28
johan-wallens,Johan Wallens,alianza,GK,1,34
juan-chaverra,Juan Chaverra,alianza,GK,12,33
antonio-simancas,Antonio Simancas,alianza,GK,13,19
eduar-esteban,Eduar Esteban,alianza,GK,40,26
kevin-moreno,Kevin Moreno,alianza,DF,3,26
kevin-aponza,Kevin Aponzá,alianza,DF,4,20
pedro-franco,Pedro Franco,alianza,DF,5,35
yilson-rosales,Yilson Rosales,alianza,DF,16,25
jesus-figueroa,Jesús Figueroa,alianza,DF,22,30
israel-alba,Israel Alba,alianza,DF,23,31
eduard-banguero,Eduard Banguero,alianza,DF,24,25
jhildrey-lasso,Jhildrey Lasso,alianza,DF,26,24
juan-viveros,Juan Viveros,alianza,DF,32,22
ever-meza,Ever Meza,alianza,MF,6,26
jair-castillo,Jair Castillo,alianza,MF,7,29
deinner-quinones,Déinner Quiñones,alianza,MF,10,31
sergio-aponza,Sergio Aponzá,alianza,MF,11,21
charly-villegas,Charly Villegas,alianza,MF,14,21
carlos-esparragoza,Carlos Esparragoza,alianza,MF,15,27
fabian-cantillo,Fabian Cantillo,alianza,MF,21,28
josy-perez,Josy Pérez,alianza,MF,25,26
yeiner-londono,Yeiner Londoño,alianza,MF,27,25
wiston-fernandez,Wiston Fernández,alianza,MF,55,28
leyner-palacios,Leyner Palacios,alianza,MF,88,22
jesus-munoz,Jesús Muñoz,alianza,FW,8,24
cristian-vergara,Cristian Vergara,alianza,FW,15,26
felipe-pardo,Felipe Pardo,alianza,FW,17,36
francesco-fiorelli,Francesco Fiorelli,alianza,FW,19,21
jeison-osorio,Jeison Osorio,alianza,FW,28,19
jhon-valoyes,Jhon Valoyes,alianza,FW,30,17
misael-martinez,Misael Martínez,alianza,FW,77,28
sebastian-ramirez,Sebastián Ramírez,alianza,FW,,21
jean-fernandes,Jean Fernandes,america,GK,1,30
juan-pablo-montoya,Juan Pablo Montoya,america,GK,12,27
alexis-sinisterra,Alexis Sinisterra,america,GK,47,21
marlon-torres,Marlon Torres,america,DF,2,30
dany-rosero,Dany Rosero,america,DF,3,32
mateo-castillo,Mateo Castillo,america,DF,13,23
marcos-mina,Marcos Mina,america,DF,14,27
brayan-correa,Brayan Correa,america,DF,16,22
nicolas-hernandez,Nicolás Hernández,america,DF,22,28
cristian-tovar,Cristian Tovar,america,DF,24,28
yhorman-hurtado,Yhorman Hurtado,america,DF,26,29
omar-bertel,Ómar Bertel,america,DF,30,30
brayan-cordoba,Brayan Córdoba,america,DF,44,26
josen-escobar,Josen Escobar,america,MF,5,21
jose-cavadia,José Cavadía,america,MF,6,20
jhon-murillo,Jhon Murillo,america,MF,7,30
yeison-guzman,Yeison Guzmán,america,MF,10,28
rafael-carrascal,Rafael Carrascal,america,MF,15,33
jan-lucumi,Jan Lucumí,america,MF,17,22
yani-quintero,Yani Quintero,america,MF,18,24
juan-aponza,Juan Aponzá,america,MF,25,18
camilo-amu,Camilo Amú,america,MF,29,18
edson-tortolero,Edson Tortolero,america,MF,77,28
daniel-valencia,Daniel Valencia,america,FW,9,30
adrian-ramos,Adrián Ramos,america,FW,20,40
tomas-angel,Tomás Ángel,america,FW,21,23
luis-quinones,Luis Quiñones,america,FW,23,35
jhon-tilman-palacios,Jhon Tilman Palacios,america,FW,88,21
diego-novoa,Diego Novoa,bucaramanga,GK,12,36
luis-matheus,Luis Matheus,bucaramanga,GK,16,19
cristopher-fiermarin,Cristopher Fiermarin,bucaramanga,GK,25,28
luis-vasquez-bucaramanga,Luis Vásquez,bucaramanga,GK,,29
martin-rea,Martín Rea,bucaramanga,DF,3,28
freddy-hinestroza,Freddy Hinestroza,bucaramanga,DF,8,35
aldair-gutierrez,Aldair Gutiérrez,bucaramanga,DF,19,27
jose-garcia,Jose Garcia,bucaramanga,DF,4,22
jose-ortiz,Jose Ortiz,bucaramanga,DF,24,27
carlos-romana,Carlos Romaña,bucaramanga,DF,23,26
nilson-castrillon,Nilson Castrillón,bucaramanga,DF,6,29
kevin-londono-bucaramanga,Kevin Londoño,bucaramanga,MF,7,32
fabian-sambueza,Fabián Sambueza,bucaramanga,MF,10,37
juan-camilo-mosquera,Juan Camilo Mosquera,bucaramanga,MF,14,23
aldair-zarate,Aldair Zárate,bucaramanga,MF,20,26
felix-charrupi,Félix Charrupí,bucaramanga,MF,21,24
fabry-castro,Fabry Castro,bucaramanga,MF,22,33
leonardo-flores,Leonardo Flores,bucaramanga,MF,28,30
victor-cantillo,Víctor Cantillo,bucaramanga,MF,30,32
ronaldo-ramirez,Ronaldo Ramírez,bucaramanga,MF,16,21
brandon-caicedo,Brandon Caicedo,bucaramanga,FW,9,24
jhon-fredy-salazar,Jhon Fredy Salazar,bucaramanga,FW,11,30
emerson-batalla,Emerson Batalla,bucaramanga,FW,17,24
luciano-pons,Luciano Pons,bucaramanga,FW,27,35
omar-albornoz,Omar Albornoz,bucaramanga,FW,80,30
juan-gallego,Juan Gallego,caldas,GK,25,21
joan-parra,Joan Parra,caldas,GK,99,26
jesus-camargo,Jesús Camargo,caldas,GK,12,28
jorge-cardona,Jorge Cardona,caldas,DF,2,27
andres-correa,Andrés Correa,caldas,DF,3,32
efrain-navarro,Efraín Navarro,caldas,DF,4,27
juan-felipe-castano,Juan Felipe Castaño,caldas,DF,16,28
jaider-riquett,Jáider Riquett,caldas,DF,18,36
juan-david-cuesta,Juan David Cuesta,caldas,DF,22,28
daniel-londono,Daniel Londoño,caldas,DF,30,31
juan-patino,Juan Patiño,caldas,DF,33,28
hian-rincon,Hian Rincon,caldas,DF,39,18
daniel-marmolejo,Daniel Marmolejo,caldas,DF,6,22
juan-pablo-nieto,Juan Pablo Nieto,caldas,MF,5,33
michael-barrios,Michael Barrios,caldas,MF,7,35
jaime-alvarado,Jaime Alvarado,caldas,MF,15,27
tomas-garcia,Tomás García,caldas,MF,19,20
andres-roa,Andrés Roa,caldas,MF,20,33
andres-colorado,Andrés Colorado,caldas,MF,23,27
kevin-villada,Kevin Villada,caldas,MF,27,19
mateo-zuleta,Mateo Zuleta,caldas,MF,28,24
rafael-acuna,Rafael Acuña,caldas,MF,36,20
jader-quinones,Jáder Quiñones,caldas,MF,42,25
pipe-gomez,Pipe Gómez,caldas,FW,9,26
jefry-zapata,Jefry Zapata,caldas,FW,14,26
dayro-moreno,Dayro Moreno,caldas,FW,17,40
helieyker-guzman,Helieyker Guzmán,caldas,FW,21,19
edwin-torres,Edwin Torres,caldas,FW,29,28
pedro-gallese,Pedro Gallese,cali,GK,1,36
jose-moya,José Moya,cali,DF,2,34
fernando-alvarez,Fernando Álvarez,cali,DF,4,23
gustavo-cuellar,Gustavo Cuéllar,cali,MF,5,33
daniel-giraldo,Daniel Giraldo,cali,MF,8,34
juan-ignacio-dinenno,Juan Ignacio Dinenno,cali,FW,9,32
emanuel-reynoso,Emanuel Reynoso,cali,MF,10,30
jose-caldera,José Caldera,cali,DF,12,24
ronaldo-pajaro,Ronaldo Pájaro,cali,MF,13,24
alexis-manyoma,Alexis Manyoma,cali,MF,14,23
leyser-chaverra,Leyser Chaverra,cali,DF,15,29
keimer-sandoval,Keimer Sandoval,cali,DF,16,21
aviles-hurtado,Avilés Hurtado,cali,FW,18,39
johan-martinez,Johan Martínez,cali,MF,19,24
eduard-bello,Eduard Bello,cali,MF,20,31
nicolas-benedetti,Nicolás Benedetti,cali,MF,21,29
santiago-mondragon,Santiago Mondragón,cali,GK,22,18
steven-rodriguez,Steven Rodríguez,cali,FW,23,27
kalazan-suarez,Kalazán Suárez,cali,DF,24,24
juan-jose-tello,Juan José Tello,cali,DF,26,24
fabian-viafara,Fabián Viáfara,cali,DF,27,34
edwin-velasco,Edwin Velasco,cali,DF,28,34
kevin-suarez,Kevin Suarez,cali,FW,29,18
joan-gomez,Joan Gomez,cali,MF,30,21
alejandro-rojo,Alejandro Rojo,cali,GK,32,20
juan-gomez-miranda,Juan Gómez Miranda,cali,DF,34,19
santiago-vallecilla,Santiago Vallecilla,cali,DF,35,17
miguel-correa,Miguel Correa,cali,MF,36,18
alejandro-rodriguez,Alejandro Rodríguez,cali,GK,38,25
ronaldo-riascos,Ronaldo Riascos,cali,FW,40,18
mateo-benitez,Mateo Benitez,cali,DF,41,20
luigi-ortiz,Luigi Ortiz,cali,GK,42,17
santiago-martinez,Santiago Martinez,cali,MF,43,20
matias-botero,Matias Botero,cali,DF,45,18
carlos-bacca,Carlos Bacca,cali,FW,70,40
santiago-colonia,Santiago Colonia,cali,MF,,19
david-agudelo,David Agudelo,chico,GK,1,29
branndon-zapata,Branndon Zapata,chico,GK,12,
david-quintero,David Quintero,chico,GK,,28
rogerio-caicedo,Rogerio Caicedo,chico,GK,,32
daniel-polanco,Daniel Polanco,chico,DF,2,27
jefferson-mena,Jefferson Mena,chico,DF,4,37
jhonier-alomia,Jhonier Alomía,chico,DF,5,27
yaliston-martinez,Yaliston Martínez,chico,DF,13,26
cristian-blanco,Cristian Blanco,chico,DF,14,27
sander-navarro,Sander Navarro,chico,DF,15,23
cristian-mosquera,Cristian Mosquera,chico,DF,24,25
juan-palma,Juan Palma,chico,DF,25,27
jesus-campo,Jesús Campo,chico,DF,,18
arlen-banguero,Arlen Banguero,chico,DF,,26
camilo-quiceno,Camilo Quiceno,chico,MF,3,22
juan-diaz,Juan Díaz,chico,MF,6,25
sebastian-salazar,Sebastián Salazar,chico,MF,8,30
yesus-cabrera,Yesus Cabrera,chico,MF,10,35
delio-ramirez,Delio Ramírez,chico,MF,11,25
santiago-mera,Santiago Mera,chico,MF,16,25
estiven-sarria,Estiven Sarria,chico,MF,17,25
junior-palacios,Junior Palacios,chico,MF,18,30
sebastian-viveros,Sebastián Viveros,chico,MF,,29
juan-penaloza,Juan Peñaloza,chico,MF,,26
andres-aedo,Andrés Aedo,chico,MF,,22
jhon-romana,Jhon Romaña,chico,MF,,20
felipe-cifuentes,Felipe Cifuentes,chico,FW,7,24
isaac-camargo,Isaac Camargo,chico,FW,9,26
oscar-caicedo,Óscar Caicedo,chico,FW,17,20
julian-castillo,Julián Castillo,chico,FW,19,20
jacobo-pimentel,Jacobo Pimentel,chico,FW,21,24
alejandro-maya,Alejandro Maya,chico,FW,,22
juan-david-ramirez,Juan David Ramirez,cucuta,GK,1,29
federico-abadia,Federico Abadía,cucuta,GK,12,28
diego-munoz-martinez,Diego Muñoz Martínez,cucuta,GK,,18
hernan-lopes,Hernán Lopes,cucuta,DF,2,35
diego-calcaterra,Diego Calcaterra,cucuta,DF,3,25
jhon-alexander-quinones,Jhon Alexander Quiñones,cucuta,DF,4,22
kevin-tamayo,Kevin Tamayo,cucuta,DF,14,26
leison-ochoa,Leison Ochoa,cucuta,DF,17,20
joao-abonia,Joao Abonía,cucuta,DF,26,26
mauricio-duarte,Mauricio Duarte,cucuta,DF,27,34
brayan-montano,Brayan Montaño,cucuta,DF,30,24
victor-mejia,Víctor Mejía,cucuta,MF,5,33
jader-manyoma,Jader Manyoma,cucuta,MF,7,22
diego-ceballos,Diego Ceballos,cucuta,MF,8,27
leider-berdugo,Léider Berdugo,cucuta,MF,10,24
santiago-vasquez,Santiago Vásquez,cucuta,MF,15,16
kevin-londono-cucuta,Kevin Londoño,cucuta,MF,16,26
dayan-perez,Dayan Pérez,cucuta,MF,20,18
marlon-carabali,Marlon Carabali,cucuta,MF,21,23
samir-mayo,Samir Mayo,cucuta,MF,23,23
lucas-rios,Lucas Ríos,cucuta,MF,29,28
sebastian-tamara,Sebastián Támara,cucuta,MF,33,30
carlos-renteria,Carlos Rentería,cucuta,MF,77,31
jaime-peralta,Jaime Peralta,cucuta,FW,9,21
gustavo-torres,Gustavo Torres,cucuta,FW,11,30
breyner-rodriguez,Breyner Rodríguez,cucuta,FW,13,19
jesus-diaz,Jesús Díaz,cucuta,FW,31,27
jonathan-agudelo,Jonathan Agudelo,cucuta,FW,32,33
hassler-beltran,Hassler Beltrán,cucuta,FW,,20
williams-barlasina,Williams Barlasina,fortaleza,GK,1,28
michael-barragan,Michael Barragán,fortaleza,GK,22,22
cristian-santander,Cristian Santander,fortaleza,GK,32,23
andres-copete,Andrés Copete,fortaleza,DF,2,25
david-ramirez,David Ramírez,fortaleza,DF,3,24
santiago-cabezas,Santiago Cabezas,fortaleza,DF,4,21
yesid-diaz,Yesid Díaz,fortaleza,DF,6,29
santiago-cuero,Santiago Cuero,fortaleza,DF,15,22
joan-cajares,Joan Cajares,fortaleza,DF,16,23
harold-balanta,Harold Balanta,fortaleza,DF,18,28
juan-castillo,Juan Castillo,fortaleza,DF,23,23
jonathan-marulanda,Jonathan Marulanda,fortaleza,DF,,30
sebastian-navarro,Sebastián Navarro,fortaleza,MF,8,26
jhon-velasquez,Jhon Velásquez,fortaleza,MF,10,31
andy-batioja,Andy Batioja,fortaleza,MF,11,20
leonardo-pico,Leonardo Pico,fortaleza,MF,14,34
kevin-balanta-fortaleza,Kevin Balanta,fortaleza,MF,17,22
jhon-sebastian-palacios,Jhon Sebastián Palacios,fortaleza,FW,22,21
jeronimo-barrera,Jerónimo Barrera,fortaleza,MF,25,22
richardson-rivas,Richardson Rivas,fortaleza,MF,26,20
santiago-vivas,Santiago Vivas,fortaleza,MF,28,20
jhon-solis,Jhon Solís,fortaleza,MF,30,27
jeronimo-velasquez,Jerónimo Velásquez,fortaleza,MF,31,18
mariano-vazquez,Mariano Vázquez,fortaleza,MF,,33
italo-montano,Ítalo Montaño,fortaleza,FW,7,27
sebastian-herrera,Sebastián Herrera,fortaleza,FW,9,31
franco-pulicastro,Franco Pulicastro,fortaleza,FW,19,26
jhonier-blanco,Jhonier Blanco,fortaleza,FW,20,25
jhoiner-salas,Jhoiner Salas,fortaleza,FW,24,22
teun-wilke,Teun Wilke,fortaleza,FW,29,24
wuilker-farinez,Wuilker Fariñez,internacional-bogota,GK,1,28
juan-carrasco,Juan Carrasco,internacional-bogota,GK,12,19
simon-zapata,Simón Zapata,internacional-bogota,GK,30,20
kevin-catano,Kevin Cataño,internacional-bogota,GK,33,23
carlos-vivas,Carlos Vivas,internacional-bogota,DF,2,24
mateo-rodas,Mateo Rodas,internacional-bogota,DF,4,28
miguel-amaya,Miguel Amaya,internacional-bogota,DF,6,22
miguel-pernia,Miguel Pernía,internacional-bogota,DF,13,25
yulian-gomez,Yulián Gómez,internacional-bogota,DF,16,28
joan-castro,Joan Castro,internacional-bogota,DF,20,29
ronaldo-julio,Ronaldo Julio,internacional-bogota,DF,25,21
agustin-irazoque,Agustín Irazoque,internacional-bogota,DF,26,26
larry-vasquez,Larry Vásquez,internacional-bogota,MF,5,33
dewar-victoria,Dewar Victoria,internacional-bogota,MF,8,25
facundo-bone,Facundo Boné,internacional-bogota,MF,10,30
mateo-santamaria,Mateo Santamaría,internacional-bogota,MF,14,21
dannovi-quinones,Dannovi Quiñones,internacional-bogota,MF,15,25
fabian-chaverra,Fabián Chaverra,internacional-bogota,MF,17,23
sebastian-girado,Sebastián Girado,internacional-bogota,MF,22,22
johan-caballero,Johan Caballero,internacional-bogota,MF,23,28
ruben-manjarres,Rubén Manjarrés,internacional-bogota,MF,24,26
fabricio-sanguinetti,Fabricio Sanguinetti,internacional-bogota,FW,7,26
diego-duarte,Diego Duarte,internacional-bogota,FW,9,24
cristian-dajome,Cristian Dájome,internacional-bogota,FW,11,32
yojan-garces,Yojan Garcés,internacional-bogota,FW,21,20
emilio-gutierrez,Emilio Gutiérrez,internacional-bogota,FW,27,19
hather-cuesta,Hather Cuesta,internacional-bogota,FW,28,19
diego-martinez,Diego Martínez,jaguares,GK,1,36
franklin-mosquera,Franklin Mosquera,jaguares,GK,12,27
jerson-malagon,Jerson Malagón,jaguares,DF,3,33
juan-franco,Juan Franco,jaguares,DF,4,24
jonathan-lovera,Jonathan Lovera,jaguares,DF,6,21
edwin-martinez,Edwin Martinez,jaguares,DF,14,22
luis-jimenez,Luis Jiménez,jaguares,DF,18,28
nicolas-giraldo,Nicolás Giraldo,jaguares,DF,22,33
juan-arcila,Juan Arcila,jaguares,DF,23,26
carlos-henao,Carlos Henao,jaguares,DF,29,37
yan-mosquera,Yan Mosquera,jaguares,DF,,31
andres-alfonso,Andrés Alfonso,jaguares,MF,2,21
royscer-colpa,Royscer Colpa,jaguares,MF,5,31
duvan-rodriguez,Duvan Rodríguez,jaguares,MF,8,30
cristian-alvarez,Cristian Álvarez,jaguares,MF,10,33
johan-hinestroza,Johan Hinestroza,jaguares,MF,13,24
jader-maza,Jader Maza,jaguares,MF,15,31
esteban-beltran,Esteban Beltrán,jaguares,MF,16,26
carlos-cantillo,Carlos Cantillo,jaguares,MF,19,23
faber-gil,Faber Gil,jaguares,MF,20,31
rafael-bustamante,Rafael Bustamante,jaguares,MF,21,26
wilfrido-de-la-rosa,Wilfrido de la Rosa,jaguares,FW,7,32
johar-mejia,Johar Mejía,jaguares,FW,9,26
andres-renteria,Andrés Rentería,jaguares,FW,11,33
darwin-lopez,Darwin López,jaguares,FW,17,34
santiago-cubides,Santiago Cubides,jaguares,FW,24,26
mauro-silveira,Mauro Silveira,junior,GK,1,26
jaime-acosta,Jaime Acosta,junior,DF,12,24
jefersson-martinez,Jefersson Martínez,junior,GK,30,33
danny-castro-sub-20,Danny Castro SUB-20,junior,GK,,20
edwin-herrera,Edwin Herrera,junior,DF,3,28
daniel-rivera,Daniel Rivera,junior,DF,5,27
carlos-perez-sub-20,Carlos Pérez SUB-20,junior,DF,16,19
pablo-ortiz,Pablo Ortiz,junior,DF,23,26
jean-pestana,Jean Pestaña,junior,FW,24,29
yeison-suarez,Yeison Suárez,junior,DF,26,29
daniel-socarras-sub-20,Daniel Socarrás SUB-20,junior,DF,34,19
jermein-pena,Jermein Peña,junior,DF,98,26
fabian-correa,Fabián Correa,junior,DF,99,20
dilan-villarreal-sub-20,Dilan Villarreal SUB-20,junior,MF,6,17
harold-rivera,Harold Rivera,junior,MF,7,33
yimmi-chara,Yimmi Chará,junior,MF,8,35
juan-david-rios,Juan David Ríos,junior,MF,14,34
kevin-perez,Kevin Pérez,junior,MF,18,29
jannenson-sarmiento,Jannenson Sarmiento,junior,MF,20,26
jesus-rivas,Jesús Rivas,junior,MF,22,29
guillermo-celis,Guillermo Celis,junior,MF,28,33
andres-shmalbach-sub-20,Andrés Shmalbach SUB-20,junior,MF,38,19
fabian-angel,Fabián Ángel,junior,MF,80,25
guillermo-paiva,Guillermo Paiva,junior,FW,9,29
luis-muriel,Luis Muriel,junior,FW,10,35
jose-munive-sub-20,José Munive SUB-20,junior,FW,15,19
francisco-fydriszewski,Francisco Fydriszewski,junior,FW,19,33
joel-canchimbo,Joel Canchimbo,junior,FW,21,21
deiber-caicedo,Déiber Caicedo,junior,FW,25,26
teofilo-gutierrez,Teófilo Gutiérrez,junior,FW,29,41
cristian-barrios,Cristian Barrios,junior,FW,77,28
bryan-castrillon,Bryan Castrillón,junior,FW,88,27
sebastian-araujo,Sebastián Araújo,junior,GK,,29
juan-loaiza,Juan Loaiza,llaneros,GK,12,24
roameth-romana,Roameth Romaña,llaneros,GK,22,29
howell-mena,Howell Mena,llaneros,DF,2,25
victor-vidal,Victor Vidal,llaneros,DF,3,19
juan-pertuz,Juan Pertuz,llaneros,DF,4,22
jhojan-escobar,Jhojan Escobar,llaneros,DF,16,26
francisco-meza,Francisco Meza,llaneros,DF,21,35
alejandro-moralez,Alejandro Moralez,llaneros,DF,23,25
dennis-quintero,Dennis Quintero,llaneros,DF,26,29
leider-riascos,Leider Riascos,llaneros,DF,29,26
emilio-pardo,Emilio Pardo,llaneros,DF,31,
jimmy-medranda,Jimmy Medranda,llaneros,DF,94,32
daniel-quinones,Daniel Quiñones,llaneros,DF,99,27
eyder-restrepo,Eyder Restrepo,llaneros,MF,5,27
marlon-ricardo-sierra,Marlon Ricardo Sierra,llaneros,MF,6,31
juan-jose-ramirez,Juan José Ramírez,llaneros,MF,8,24
neider-ospina,Néider Ospina,llaneros,MF,10,23
juan-castilla,Juan Castilla,llaneros,MF,13,22
daniel-mantilla,Daniel Mantilla,llaneros,MF,19,29
julian-beltran,Julián Beltrán,llaneros,MF,30,
frank-castaneda,Frank Castañeda,llaneros,MF,32,32
kelvin-osorio,Kelvin Osorio,llaneros,MF,33,32
joel-contreras,Joel Contreras,llaneros,MF,70,27
jhon-vasquez,Jhon Vásquez,llaneros,MF,95,31
brandon-chury,Brandon Chury,llaneros,MF,,21
luis-miranda,Luis Miranda,llaneros,FW,7,29
manuel-barreiro,Manuel Barreiro,llaneros,FW,9,24
luis-marimon,Luis Marimón,llaneros,FW,11,22
yorleys-mena,Yorleys Mena,llaneros,FW,17,35
kevin-rincon,Kevin Rincón,llaneros,FW,77,20
salvador-ichazo,Salvador Ichazo,medellin,GK,1,34
simon-romero,Simón Romero,medellin,GK,12,20
eder-chaux,Eder Chaux,medellin,GK,25,34
kevin-mantilla,Kevin Mantilla,medellin,DF,4,23
joaquin-varela,Joaquín Varela,medellin,DF,5,28
jhan-mena,Jhan Mena,medellin,DF,13,20
frank-fabra,Frank Fabra,medellin,DF,18,35
alfonso-simarra,Alfonso Simarra,medellin,DF,19,26
esneyder-mena,Esneyder Mena,medellin,DF,26,28
hayen-palacios,Hayen Palacios,medellin,DF,32,27
luis-escorcia,Luis Escorcia,medellin,DF,39,22
didier-moreno,Didier Moreno,medellin,MF,6,34
leider-berrio,Léider Berrío,medellin,MF,7,28
juan-fernando-quintero,Juan Fernando Quintero,medellin,MF,8,33
daniel-catano,Daniel Cataño,medellin,MF,10,34
baldomero-perlaza,Baldomero Perlaza,medellin,MF,14,34
luis-maturana,Luis Maturana,medellin,MF,15,17
halam-loboa,Halam Loboa,medellin,MF,16,20
geronimo-mancilla,Gerónimo Mancilla,medellin,MF,17,17
agustin-martegani,Agustín Martegani,medellin,MF,21,26
diego-moreno,Diego Moreno,medellin,MF,31,30
keiner-klinger,Keiner Klinger,medellin,MF,34,18
juan-jose-cordoba,Juan José Córdoba,medellin,MF,70,23
jeison-medina,Jeison Medina,medellin,FW,9,31
yony-gonzalez,Yony González,medellin,FW,11,32
john-montano,John Montaño,medellin,FW,20,19
andres-davila,Andrés Dávila,medellin,FW,28,19
carlos-lucumi,Carlos Lucumí,medellin,FW,32,26
enzo-larrosa,Enzo Larrosa,medellin,FW,33,25
jackson-martinez,Jackson Martínez,medellin,FW,,39
javier-burrai,Javier Burrai,millonarios,GK,1,35
james-aguirre,James Aguirre,millonarios,GK,12,34
carlos-sarabia,Carlos Sarabia,millonarios,DF,2,21
samuel-martin,Samuel Martín,millonarios,DF,3,20
stiven-barreiro,Stiven Barreiro,millonarios,DF,4,32
sergio-mosquera,Sergio Mosquera,millonarios,DF,6,32
jorge-arias-4,Jorge Arias 4.º,millonarios,DF,17,33
danovis-banguero,Danovis Banguero,millonarios,DF,20,36
sebastian-valencia,Sebastián Valencia,millonarios,DF,22,30
andres-llinas-3,Andrés Llinás 3.º,millonarios,DF,26,29
alex-moreno,Álex Moreno,millonarios,DF,29,24
jhomier-guerrero,Jhomier Guerrero,millonarios,DF,34,25
darwin-cortes,Darwin Cortés,millonarios,DF,,19
daniel-ruiz,Daniel Ruiz,millonarios,MF,10,25
david-mackalister-silva-2,David Mackalister Silva 2.º,millonarios,MF,14,39
rodrigo-urena,Rodrigo Ureña,millonarios,MF,18,33
mateo-garcia,Mateo García,millonarios,MF,19,28
darwin-quintero,Darwin Quintero,millonarios,MF,25,38
stiven-vega-5,Stiven Vega 5.º,millonarios,MF,28,28
sebastian-del-castillo,Sebastián del Castillo,millonarios,MF,30,21
leonai-souza,Leonai Souza,millonarios,MF,55,31
juan-guillermo-cuadrado,Juan Guillermo Cuadrado,millonarios,MF,7,38
juan-carlos-pereira,Juan Carlos Pereira,millonarios,MF,,33
andrey-estupinan,Andrey Estupiñán,millonarios,FW,11,32
francisco-chaverra,Francisco Chaverra,millonarios,FW,13,26
leonardo-castro,Leonardo Castro,millonarios,FW,23,34
julian-angulo,Julián Angulo,millonarios,FW,24,24
rodrigo-contreras,Rodrigo Contreras,millonarios,FW,27,30
sebastian-mosquera,Sebastián Mosquera,millonarios,FW,35,19
santiago-giordana,Santiago Giordana,millonarios,FW,,31
jhostin-diaz,Jhostin Díaz,millonarios,GK,31,19
ivan-diaz,Iván Diaz,millonarios,GK,39,19
criss-angel-macias,Criss Angel Macías,millonarios,DF,16,18
cristian-uparela,Cristian Uparela,millonarios,DF,43,19
romario-espin,Romario Espín,millonarios,MF,33,18
yeiner-romero,Yeiner Romero,millonarios,FW,15,18
luis-marquinez-nacional,Luis Marquinez,nacional,GK,25,23
franco-armani,Franco Armani,nacional,GK,34,39
edimer-zea,Edimer Zea,nacional,GK,44,19
neider-parra,Néider Parra,nacional,DF,3,21
cesar-haydar,César Haydar,nacional,DF,4,25
andres-felipe-roman,Andrés Felipe Román,nacional,DF,6,30
andres-reyes,Andrés Reyes,nacional,DF,15,27
william-tesillo,William Tesillo,nacional,DF,16,36
milton-casco,Milton Casco,nacional,DF,20,38
yeicar-perlaza,Yeicar Perlaza,nacional,DF,27,23
samuel-velasquez,Samuel Velásquez,nacional,DF,33,23
mateus-uribe,Mateus Uribe,nacional,MF,8,35
edwin-cardona,Edwin Cardona,nacional,MF,10,33
felipe-marin,Felipe Marín,nacional,MF,14,19
juan-rengifo,Juan Rengifo,nacional,MF,19,21
jorman-campuzano,Jorman Campuzano,nacional,MF,21,30
elias-cabrera,Elías Cabrera,nacional,MF,22,23
elkin-rivero,Elkin Rivero,nacional,MF,26,20
xavy-rios,Xavy Rios,nacional,MF,31,20
matias-lozano,Matías Lozano,nacional,MF,35,18
luis-landazuri,Luis Landázuri,nacional,MF,37,20
juan-zapata,Juan Zapata,nacional,MF,80,26
james-rodriguez,James Rodríguez,nacional,MF,,35
marlos-moreno,Marlos Moreno,nacional,FW,7,29
alfredo-morelos,Alfredo Morelos,nacional,FW,9,30
nico-rodriguez,Nico Rodríguez,nacional,FW,13,22
cristian-arango,Cristian Arango,nacional,FW,17,31
juan-rosa,Juan Rosa,nacional,FW,24,19
andres-sarmiento,Andrés Sarmiento,nacional,FW,29,28
kevin-parra,Kevin Parra,nacional,FW,30,23
ian-poveda,Ian Poveda,nacional,FW,99,26
ederson-cabezas,Ederson Cabezas,pasto,GK,1,26
geovanni-banguera,Geovanni Banguera,pasto,GK,12,30
luis-marquinez-pasto,Luis Marquinez,pasto,GK,24,18
fainer-torijano,Fainer Torijano,pasto,DF,2,38
joyce-ossa,Joyce Ossa,pasto,DF,3,28
derik-osede,Derik Osede,pasto,DF,4,33
nicolas-gil,Nicolás Gil,pasto,DF,5,29
santiago-jimenez,Santiago Jiménez,pasto,DF,6,28
heiler-moreno,Heiler Moreno,pasto,DF,26,18
hervin-goyes,Hervin Goyes,pasto,DF,27,20
mateo-garavito,Mateo Garavito,pasto,DF,33,25
frank-martinez,Frank Martínez,pasto,DF,35,19
julian-quinones,Julián Quiñones,pasto,DF,36,36
ramiro-morales,Ramiro Morales,pasto,DF,,21
jonathan-perlaza,Jonathan Perlaza,pasto,MF,7,25
enrique-serje,Enrique Serje,pasto,MF,8,30
diego-chavez,Diego Chávez,pasto,MF,10,28
harrinson-mancilla,Harrinson Mancilla,pasto,MF,15,34
john-mendez,John Méndez,pasto,MF,17,22
yeison-tolosa,Yeison Tolosa,pasto,MF,22,27
yeiler-goez,Yéiler Góez,pasto,MF,23,26
franco-leys,Franco Leys,pasto,MF,25,32
david-guerrero,David Guerrero,pasto,MF,30,29
matias-pisano,Matías Pisano,pasto,MF,32,34
gian-cabezas,Gian Cabezas,pasto,MF,,21
jorge-obregon,Jorge Obregón,pasto,FW,9,29
andres-ibarguen,Andrés Ibargüen,pasto,FW,11,34
mayer-gil,Mayer Gil,pasto,FW,16,23
joider-micolta,Joider Micolta,pasto,FW,18,24
patrick-preciado,Patrick Preciado,pasto,FW,19,21
santiago-cordoba,Santiago Córdoba,pasto,FW,29,29
luther-rueda,Luther Rueda,pasto,FW,31,20
jorge-martinez,Jorge Martínez,pereira,GK,1,19
juan-betancourth,Juan Betancourth,pereira,GK,12,22
yimmy-gomez,Yimmy Gómez,pereira,GK,33,27
sebastian-urrea,Sebastián Urrea,pereira,DF,2,24
julian-bazan,Julián Bazán,pereira,MF,4,20
danilo-ortiz,Danilo Ortiz,pereira,DF,6,34
santiago-aguilar,Santiago Aguilar,pereira,DF,15,28
eber-moreno,Eber Moreno,pereira,DF,16,24
richard-renteria,Richard Renteria,pereira,DF,17,30
jordy-monroy,Jordy Monroy,pereira,DF,20,30
walmer-pacheco,Walmer Pacheco,pereira,DF,21,31
fabio-delgado,Fabio Delgado,pereira,DF,25,27
tobias-bovone,Tobías Bovone,pereira,DF,30,26
nicolas-rengifo,Nicolás Rengifo,pereira,MF,3,22
jorge-bermudez,Jorge Bermúdez,pereira,MF,5,25
felipe-mosquera,Felipe Mosquera,pereira,MF,8,24
sebastian-acosta,Sebastián Acosta,pereira,MF,10,31
jhon-largacha,Jhon Largacha,pereira,MF,11,22
ederson-moreno,Ederson Moreno,pereira,MF,14,32
miguel-aguirre,Miguel Aguirre,pereira,MF,19,19
yuber-quinones,Yúber Quiñones,pereira,MF,88,23
anderson-plata,Anderson Plata,pereira,FW,7,35
marco-perez,Marco Pérez,pereira,FW,18,35
luis-palacios-pereira,Luis Palacios,pereira,FW,24,22
manuel-diaz,Manuel Díaz,pereira,FW,29,
andres-calderon,Andrés Calderón,pereira,FW,31,17
andres-mosquera,Andrés Mosquera,santafe,GK,1,35
weimar-asprilla,Weimar Asprilla,santafe,GK,12,27
emiliano-contreras,Emiliano Contreras,santafe,GK,30,19
juan-espitia,Juan Espitia,santafe,GK,31,26
carlos-nemocon,Carlos Nemocón,santafe,GK,33,18
jhoyler-andrades,Jhoyler Andrades,santafe,GK,36,22
juan-quintero,Juan Quintero,santafe,DF,2,31
victor-moreno,Víctor Moreno,santafe,DF,3,31
mateo-puerta,Mateo Puerta,santafe,DF,4,29
helibelton-palacios,Helibelton Palacios,santafe,DF,13,33
ivan-scarpeta,Iván Scarpeta,santafe,DF,15,30
emanuel-olivera,Emanuel Olivera,santafe,DF,18,36
jeison-angulo,Jeison Angulo,santafe,DF,24,30
christian-mafla,Christian Mafla,santafe,DF,32,33
kevin-balanta-santafe,Kevin Balanta,santafe,DF,35,29
jean-carlos-caicedo,Jean Carlos Caicedo,santafe,DF,43,19
kilian-toscano,Kilian Toscano,santafe,MF,6,22
jhojan-torres,Jhojan Torres,santafe,MF,7,23
franco-fagundez,Franco Fagúndez,santafe,MF,9,26
alexis-zapata,Alexis Zapata,santafe,MF,10,31
daniel-torres,Daniel Torres,santafe,MF,16,36
maximiliano-lovera,Maximiliano Lovera,santafe,MF,17,27
yilmar-velasquez,Yílmar Velásquez,santafe,MF,20,27
ewil-murillo,Ewil Murillo,santafe,MF,21,26
omar-fernandez,Omar Fernández,santafe,FW,8,33
hugo-rodallega,Hugo Rodallega,santafe,FW,11,41
luis-palacios-santafe,Luis Palacios,santafe,FW,14,25
nahuel-bustos,Nahuel Bustos,santafe,FW,19,28
emerson-rodriguez,Emerson Rodríguez,santafe,FW,25,26
marlon-balanta,Marlon Balanta,santafe,FW,34,18
cristhian-portocarrero,Cristhian Portocarrero,santafe,FW,39,18
martin-palacios,Martín Palacios,santafe,FW,40,19
yan-carlos-vega,Yan Carlos Vega,santafe,FW,41,21
jader-obrian,Jáder Obrian,santafe,FW,77,31
neto-volpi,Neto Volpi,tolima,GK,1,34
gali-jose-balanta,Gali José Balanta,tolima,GK,23,24
miguel-ortega,Miguel Ortega,tolima,GK,70,31
anderson-angulo,Anderson Angulo,tolima,DF,2,30
jan-carlos-angulo,Jan Carlos Angulo,tolima,DF,3,25
daniel-pedrozo,Daniel Pedrozo,tolima,DF,4,22
juan-jose-mera,Juan José Mera,tolima,DF,5,24
cristian-arrieta,Cristian Arrieta,tolima,DF,17,30
junior-hernandez,Junior Hernández,tolima,DF,20,27
shean-paul-barbosa,Shean Paul Barbosa,tolima,DF,30,22
jherson-mosquera,Jherson Mosquera,tolima,DF,33,26
yordan-osorio,Yordan Osorio,tolima,DF,71,32
cristian-trujillo,Cristian Trujillo,tolima,MF,6,28
luis-sanchez,Luis Sánchez,tolima,MF,10,25
homer-martinez,Homer Martínez,tolima,MF,14,28
victor-manuel-reyes,Víctor Manuel Reyes,tolima,MF,16,19
santiago-joven,Santiago Joven,tolima,MF,19,18
neifer-sanchez,Neifer Sánchez,tolima,MF,29,18
sebastian-guzman,Sebastián Guzmán,tolima,MF,32,29
bryan-rovira,Bryan Rovira,tolima,MF,80,29
jorge-hurtado,Jorge Hurtado,tolima,FW,7,23
ever-valencia,Ever Valencia,tolima,FW,8,29
luis-sandoval,Luis Sandoval,tolima,FW,9,27
jader-valencia,Jáder Valencia,tolima,FW,11,26
sergio-aguayo,Sergio Aguayo,tolima,FW,15,23
kelvin-florez,Kelvin Flórez,tolima,FW,18,22
adrian-parra,Adrián Parra,tolima,FW,24,29
edwar-lopez,Edwar López,tolima,FW,28,31
yoimar-moreno,Yoimar Moreno,tolima,FW,31,18
