id,year,tournament,status,champion,start_date,end_date,n_teams,n_matches,n_played,wikipedia
1948,1948,liga,completed,santafe,,,10,90,90,Campeonato de Fútbol Profesional Colombiano 1948
1949,1949,liga,completed,millonarios,,,14,182,173,Campeonato colombiano 1949
1950,1950,liga,completed,caldas,,,16,238,238,Campeonato colombiano 1950
1951,1951,liga,completed,millonarios,,,18,306,306,Campeonato colombiano 1951
1952,1952,liga,completed,millonarios,,,15,212,211,Campeonato colombiano 1952
1953,1953,liga,completed,millonarios,,,12,121,121,Campeonato colombiano 1953
1954,1954,liga,completed,nacional,,,10,80,80,Campeonato colombiano 1954
1955,1955,liga,completed,medellin,,,10,90,90,Campeonato colombiano 1955
1956,1956,liga,completed,quindio,,,12,131,131,Campeonato colombiano 1956
1957,1957,liga,completed,medellin,,,12,175,173,Campeonato colombiano 1957
1958,1958,liga,completed,santafe,,,10,90,90,Campeonato colombiano 1958
1959,1959,liga,completed,millonarios,,,12,132,132,Campeonato colombiano 1959
1960,1960,liga,completed,santafe,,,12,132,132,Campeonato colombiano 1960
1961,1961,liga,completed,millonarios,,,12,264,264,Campeonato colombiano 1961
1962,1962,liga,completed,millonarios,,,12,264,264,Campeonato colombiano 1962
1963,1963,liga,completed,millonarios,,,13,144,144,Campeonato colombiano 1963
1964,1964,liga,completed,millonarios,,,13,311,311,Campeonato colombiano 1964
1965,1965,liga,completed,cali,,,13,312,312,Campeonato colombiano 1965
1966,1966,liga,completed,santafe,,,14,350,350,Campeonato colombiano 1966
1967,1967,liga,completed,cali,,,14,336,336,Campeonato colombiano 1967
1968,1968,liga,completed,magdalena,,,14,368,368,Campeonato colombiano 1968
1969,1969,liga,completed,cali,,,14,364,364,Campeonato colombiano 1969
1970,1970,liga,completed,cali,,,14,363,363,Campeonato colombiano 1970
1971,1971,liga,completed,santafe,,,14,365,365,Campeonato colombiano 1971
1972,1972,liga,completed,millonarios,,,14,364,364,Campeonato colombiano 1972
1973,1973,liga,completed,nacional,,,14,338,338,Campeonato colombiano 1973
1974,1974,liga,completed,cali,,,14,352,352,Campeonato colombiano 1974
1975,1975,liga,completed,santafe,,,14,358,358,Campeonato colombiano 1975
1976,1976,liga,completed,nacional,,,14,322,322,Campeonato colombiano 1976
1977,1977,liga,completed,junior,,,14,352,352,Campeonato colombiano 1977
1978,1978,liga,completed,millonarios,,,14,357,357,Campeonato colombiano 1978
1979,1979,liga,completed,america,,,14,371,371,Campeonato colombiano 1979
1980,1980,liga,completed,junior,,,14,332,332,Campeonato colombiano 1980
1981,1981,liga,completed,nacional,,,14,322,322,Campeonato colombiano 1981
1982,1982,liga,completed,america,,,14,443,443,Campeonato colombiano 1982
1983,1983,liga,completed,america,,,14,389,389,Campeonato colombiano 1983
1984,1984,liga,completed,america,,,14,332,332,Campeonato colombiano 1984
1985,1985,liga,completed,america,,,14,332,332,Campeonato colombiano 1985
1986,1986,liga,completed,america,,,14,25,21,Campeonato colombiano 1986
1987,1987,liga,completed,millonarios,,,14,0,0,Campeonato colombiano 1987
1988,1988,liga,completed,millonarios,1988-02-03,1988-12-12,15,219,219,Campeonato colombiano 1988
1989,1989,liga,cancelled,,1989-03-05,1989-11-16,15,93,89,Campeonato colombiano 1989
1990,1990,liga,completed,america,1990-04-01,1990-12-16,15,336,335,Campeonato colombiano 1990
1991,1991,liga,completed,nacional,,,15,0,0,Campeonato colombiano 1991
1992,1992,liga,completed,america,,,16,0,0,Campeonato colombiano 1992
1993,1993,liga,completed,junior,,,16,0,0,Campeonato colombiano 1993
1994,1994,liga,completed,nacional,,,16,12,12,Campeonato colombiano 1994
1995-96,1995,liga,completed,cali,1995-08-20,1996-06-20,16,240,240,Campeonato colombiano 1995-96
1995,1995,liga,completed,junior,1995-02-26,1995-06-14,16,0,0,Campeonato colombiano 1995
1996-97,1996,liga,completed,america,,,16,246,246,Campeonato colombiano 1996-97
1998,1998,liga,completed,cali,,,16,2,2,Campeonato colombiano 1998
1999,1999,liga,completed,nacional,,,16,28,28,Campeonato colombiano 1999
2000,2000,liga,completed,america,,,16,12,12,Campeonato colombiano 2000
2001,2001,liga,completed,america,,,16,26,26,Campeonato colombiano 2001
2002-i,2002,apertura,completed,america,,,18,2,2,Torneo Apertura 2002 (Colombia)
2002-ii,2002,finalizacion,completed,medellin,,,18,2,2,Torneo Finalización 2002 (Colombia)
2003-i,2003,apertura,completed,caldas,,,18,188,188,Torneo Apertura 2003 (Colombia)
2003-ii,2003,finalizacion,completed,tolima,,,18,44,44,Torneo Finalización 2003 (Colombia)
2004-i,2004,apertura,completed,medellin,,,18,188,188,Torneo Apertura 2004 (Colombia)
2004-ii,2004,finalizacion,completed,junior,,,18,188,188,Torneo Finalización 2004 (Colombia)
2005-i,2005,apertura,completed,nacional,,,18,188,188,Torneo Apertura 2005 (Colombia)
2005-ii,2005,finalizacion,completed,cali,,,18,188,188,Torneo Finalización 2005 (Colombia)
2006-i,2006,apertura,completed,pasto,,,18,188,188,Torneo Apertura 2006 (Colombia)
2006-ii,2006,finalizacion,completed,cucuta,,,18,188,188,Torneo Finalización 2006 (Colombia)
2007-i,2007,apertura,completed,nacional,,,18,188,188,Torneo Apertura 2007 (Colombia)
2007-ii,2007,finalizacion,completed,nacional,,,18,188,188,Torneo Finalización 2007 (Colombia)
2008-i,2008,apertura,completed,chico,,,18,188,188,Torneo Apertura 2008 (Colombia)
2008-ii,2008,finalizacion,completed,america,,,18,188,188,Torneo Finalización 2008 (Colombia)
2009-i,2009,apertura,completed,caldas,,,18,188,188,Torneo Apertura 2009 (Colombia)
2009-ii,2009,finalizacion,completed,medellin,,,18,188,188,Torneo Finalización 2009 (Colombia)
2010-i,2010,apertura,completed,junior,,,18,168,168,Torneo Apertura 2010 (Colombia)
2010-ii,2010,finalizacion,completed,caldas,,,18,188,188,Torneo Finalización 2010 (Colombia)
2011-i,2011,apertura,completed,nacional,,,18,176,176,Torneo Apertura 2011 (Colombia)
2011-ii,2011,finalizacion,completed,junior,,,18,176,176,Torneo Finalización 2011 (Colombia)
2012-i,2012,apertura,completed,santafe,,,18,188,188,Torneo Apertura 2012 (Colombia)
2012-ii,2012,finalizacion,completed,millonarios,,,18,188,188,Torneo Finalización 2012 (Colombia)
2013-i,2013,apertura,completed,nacional,,,18,188,188,Torneo Apertura 2013 (Colombia)
2013-ii,2013,finalizacion,completed,nacional,,,18,188,188,Torneo Finalización 2013 (Colombia)
2014-i,2014,apertura,completed,nacional,2014-01-24,2014-05-21,18,176,176,Torneo Apertura 2014 (Colombia)
2014-ii,2014,finalizacion,completed,santafe,2014-07-18,2014-12-21,18,188,188,Torneo Finalización 2014 (Colombia)
2015-i,2015,apertura,completed,cali,2015-01-30,2015-06-07,20,214,214,Torneo Apertura 2015 (Colombia)
2015-ii,2015,finalizacion,completed,nacional,2015-07-10,2015-12-20,20,214,214,Torneo Finalización 2015 (Colombia)
2016-i,2016,apertura,completed,medellin,2016-01-29,2016-06-19,20,214,214,Torneo Apertura 2016 (Colombia)
2016-ii,2016,finalizacion,completed,santafe,2016-07-01,2016-12-18,20,214,214,Torneo Finalización 2016 (Colombia)
2017-i,2017,apertura,completed,nacional,2017-02-05,2017-06-18,20,214,214,Torneo Apertura 2017 (Colombia)
2017-ii,2017,finalizacion,completed,millonarios,2017-07-07,2017-12-17,20,214,214,Torneo Finalización 2017 (Colombia)
2018-i,2018,apertura,completed,tolima,2018-02-02,2018-06-09,20,204,204,Torneo Apertura 2018 (Colombia)
2018-ii,2018,finalizacion,completed,junior,2018-07-22,2018-12-16,20,204,204,Torneo Finalización 2018 (Colombia)
2019-i,2019,apertura,completed,junior,2019-01-25,2019-06-12,20,226,226,Torneo Apertura 2019 (Colombia)
2019-ii,2019,finalizacion,completed,america,2019-07-13,2019-12-07,20,226,226,Torneo Finalización 2019 (Colombia)
2020,2020,liga,completed,america,2020-01-23,2020-12-29,20,233,233,Campeonato colombiano 2020
2021-i,2021,apertura,completed,tolima,2021-01-16,2021-06-20,19,185,185,Torneo Apertura 2021 (Colombia)
2021-ii,2021,finalizacion,completed,cali,2021-07-16,2021-12-22,20,226,226,Torneo Finalización 2021 (Colombia)
2022-i,2022,apertura,completed,nacional,2022-01-20,2022-06-26,20,226,226,Torneo Apertura 2022 (Colombia)
2022-ii,2022,finalizacion,completed,pereira,2022-07-07,2022-12-07,20,226,226,Torneo Finalización 2022 (Colombia)
2023-i,2023,apertura,completed,millonarios,2023-01-24,2023-06-24,20,226,226,Torneo Apertura 2023 (Colombia)
2023-ii,2023,finalizacion,completed,junior,2023-07-14,2023-12-13,20,226,226,Torneo Finalización 2023 (Colombia)
2024-i,2024,apertura,completed,bucaramanga,2024-01-19,2024-06-15,20,216,216,Torneo Apertura 2024 (Colombia)
2024-ii,2024,finalizacion,completed,nacional,2024-07-15,2024-12-22,20,216,216,Torneo Finalización 2024 (Colombia)
2025-i,2025,apertura,completed,santafe,2025-01-24,2025-06-29,20,226,226,Torneo Apertura 2025 (Colombia)
2025-ii,2025,finalizacion,completed,junior,2025-07-11,2025-12-16,20,226,226,Torneo Finalización 2025 (Colombia)
2026-i,2026,apertura,completed,junior,2026-01-16,2026-06-08,20,204,204,Torneo Apertura 2026 (Colombia)
2026-ii,2026,finalizacion,in_progress,,2026-07-24,2026-12-22,20,190,75,Torneo Finalización 2026 (Colombia)
