season,team,position,played,won,drawn,lost,goals_for,goals_against,goal_diff,points,bonus
1948,santafe,1,18,12,3,3,57,29,28,27,
1948,junior,2,18,11,1,6,48,35,13,23,
1948,caldas,3,18,8,4,6,45,40,5,20,
1948,millonarios,4,18,9,1,8,58,45,13,19,
1948,america,5,18,8,2,8,40,31,9,18,
1948,nacional,6,18,7,4,7,29,36,-7,18,
1948,medellin,7,18,7,3,8,37,49,-12,17,
1948,cali,8,18,6,4,8,35,41,-6,16,
1948,once-deportivo,9,18,5,4,9,32,50,-18,14,
1948,universidad,10,18,3,2,13,28,53,-25,8,
1949,millonarios,1,26,20,4,2,99,35,64,44,
1949,cali,2,26,20,4,2,89,41,48,44,
1949,santafe,3,26,17,5,4,102,50,52,39,
1949,caldas,4,26,16,0,10,69,53,16,32,
1949,medellin,5,26,12,5,9,58,60,-2,29,
1949,universidad,6,26,9,9,8,46,42,4,27,
1949,nacional,7,26,8,8,10,40,60,-20,24,
1949,boca-cali,8,26,9,5,12,45,58,-13,23,
1949,once-deportivo,9,26,9,2,15,40,66,-26,20,
1949,america,10,26,7,4,15,53,67,-14,18,
1949,bucaramanga,11,26,7,4,15,48,81,-33,18,
1949,huracan,12,26,6,5,15,47,75,-28,17,
1949,deportivo-barranquilla,13,26,5,5,16,34,49,-15,15,
1949,pereira,14,26,4,6,16,44,77,-33,14,
1950,caldas,1,30,20,5,5,91,48,43,45,
1950,millonarios,2,30,17,9,4,68,41,27,43,
1950,cali,3,30,18,5,7,73,48,25,41,
1950,medellin,4,30,15,4,11,60,45,15,34,
1950,boca-cali,5,30,12,9,9,79,60,19,33,
1950,cucuta,6,30,15,3,12,61,56,5,33,
1950,bucaramanga,7,30,13,6,11,51,46,5,32,
1950,santafe,8,30,12,8,10,67,59,8,32,
1950,junior,9,30,12,7,11,52,57,-5,31,
1950,america,10,30,11,8,11,62,64,-2,30,
1950,sporting,11,30,10,8,12,70,79,-9,28,
1950,universidad,12,30,9,5,16,55,75,-20,23,
1950,pereira,13,30,7,9,14,62,79,-17,23,
1950,huracan,14,30,7,6,17,57,96,-39,20,
1950,nacional,15,30,6,4,20,55,79,-24,16,
1950,once-deportivo,16,30,4,8,18,44,75,-31,16,
1951,millonarios,1,34,28,4,2,98,29,69,60,
1951,boca-cali,2,34,22,5,7,110,55,55,49,
1951,cucuta,3,34,21,6,7,93,56,37,48,
1951,cali,4,34,19,10,5,82,46,36,48,
1951,quindio,5,34,15,9,10,70,62,8,39,
1951,santafe,6,34,14,9,11,90,75,15,37,
1951,sporting,7,34,14,9,11,77,72,5,37,
1951,junior,8,34,14,8,12,66,58,8,36,
1951,once-deportivo,9,34,14,7,13,72,66,6,35,
1951,caldas,10,34,14,6,14,77,74,3,34,
1951,pereira,11,34,12,10,12,66,67,-1,34,
1951,bucaramanga,12,34,14,6,14,55,60,-5,34,
1951,america,13,34,11,7,16,66,76,-10,29,
1951,samarios,14,34,10,7,17,63,68,-5,27,
1951,nacional,15,34,7,9,18,54,96,-42,23,
1951,medellin,16,34,6,7,21,51,92,-41,19,
1951,universidad,17,34,5,4,25,48,126,-78,14,
1951,huracan,18,34,2,5,27,33,93,-60,9,
1952,millonarios,1,28,20,6,2,70,13,57,46,
1952,boca-cali,2,28,18,4,6,67,36,31,40,
1952,pereira,3,28,16,5,7,50,44,6,37,
1952,cali,4,28,15,5,8,69,41,28,35,
1952,quindio,5,28,14,7,7,67,43,24,35,
1952,junior,6,28,14,5,9,57,43,14,33,
1952,america,7,28,13,7,8,49,35,14,33,
1952,cucuta,8,28,14,4,10,54,36,18,32,
1952,santafe,9,28,9,7,12,54,65,-11,25,
1952,universidad,10,28,9,6,13,52,54,-2,24,
1952,samarios,11,28,7,5,16,38,78,-40,19,
1952,deportivo-manizales,12,28,7,4,17,38,60,-22,18,
1952,nacional,13,28,5,7,16,38,69,-31,17,
1952,sporting,14,28,7,2,19,33,66,-33,16,
1952,bucaramanga,15,28,2,6,20,32,85,-53,10,
1953,millonarios,1,22,14,7,1,51,22,29,35,
1953,quindio,2,22,14,5,3,66,40,26,33,
1953,boca-cali,3,22,13,5,4,44,30,14,31,
1953,santafe,4,22,12,5,5,57,30,27,29,
1953,cali,5,22,9,8,5,38,30,8,26,
1953,cucuta,6,22,11,4,7,58,42,16,26,
1953,nacional,7,22,10,5,7,57,45,12,25,
1953,junior,8,22,4,7,11,38,53,-15,15,
1953,magdalena,9,22,6,3,13,35,58,-23,15,
1953,sporting,10,22,6,3,13,38,68,-30,15,
1953,pereira,11,22,6,2,14,42,72,-30,14,
1953,bucaramanga,12,22,0,0,22,11,45,-34,0,
1954,nacional,1,18,14,3,1,58,26,32,31,
1954,quindio,2,18,11,3,4,56,27,29,25,
1954,medellin,3,18,11,2,5,48,24,24,24,
1954,atletico-manizales,4,18,8,4,6,31,34,-3,20,
1954,millonarios,5,17,7,4,6,31,28,3,18,
1954,boca-cali,6,16,6,3,7,32,32,0,15,
1954,america,7,18,4,7,7,33,47,-14,15,
1954,magdalena,8,17,5,2,10,20,36,-16,12,
1954,cali,9,17,2,3,12,24,44,-20,7,
1954,santafe,10,15,1,3,11,16,51,-35,5,
1955,medellin,1,27,21,2,4,69,24,45,44,
1955,nacional,2,27,16,7,4,63,35,28,39,
1955,quindio,3,27,15,7,5,66,37,29,37,
1955,millonarios,4,27,10,10,7,58,45,13,30,
1955,boca-cali,5,27,11,6,10,45,43,2,28,
1955,america,6,27,8,7,12,45,50,-5,23,
1955,tolima,7,27,7,6,14,47,65,-18,20,
1955,cucuta,8,27,8,4,15,47,71,-24,20,
1955,santafe,9,27,5,8,14,33,58,-25,18,
1955,cali,10,27,3,5,19,34,79,-45,11,
1956,quindio,1,24,17,3,4,67,34,33,37,
1956,millonarios,2,24,16,2,6,48,35,13,34,
1956,boca-cali,3,24,14,5,5,55,44,11,33,
1956,cucuta,4,24,13,6,5,64,38,26,32,
1956,medellin,5,24,12,6,6,62,35,27,30,
1956,tolima,6,24,12,6,6,48,34,14,30,
1956,america,7,24,11,2,11,44,46,-2,24,
1956,nacional,9,24,8,4,12,53,57,-4,20,
1956,pereira,10,24,6,3,15,38,56,-18,15,
1956,bucaramanga,11,24,5,5,14,34,56,-22,15,
1956,santafe,12,24,6,1,17,35,56,-21,13,
1956,magdalena,13,24,3,2,19,34,76,-42,8,
1957,medellin,1,22,16,4,2,69,31,38,36,
1957,boca-cali,2,22,12,5,5,43,26,17,29,
1957,quindio,3,22,10,4,8,34,30,4,24,
1957,pereira,4,22,9,6,7,42,51,-9,24,
1957,cucuta,5,22,7,8,7,37,38,-1,22,
1957,magdalena,6,22,7,7,8,32,32,0,21,
1957,santafe,7,22,7,7,8,52,52,0,21,
1957,tolima,8,22,7,6,9,41,47,-6,20,
1957,america,9,22,8,3,11,39,46,-7,19,
1957,nacional,10,22,6,5,11,31,41,-10,17,
1957,bucaramanga,11,22,6,4,12,28,37,-9,16,
1957,millonarios,12,22,4,7,11,25,42,-17,15,
1958,santafe,1,36,17,14,5,78,51,27,48,
1958,millonarios,2,36,20,7,9,68,42,26,47,
1958,bucaramanga,3,36,18,8,10,68,54,14,44,
1958,pereira,4,36,18,6,12,60,54,6,42,
1958,nacional,5,36,14,11,11,66,56,10,39,
1958,tolima,6,36,12,14,10,65,61,4,38,
1958,cucuta,7,36,11,11,14,63,66,-3,33,
1958,quindio,8,36,10,11,15,68,64,4,31,
1958,atletico-manizales,9,36,10,6,20,65,98,-33,26,
1958,america,10,36,4,4,28,44,99,-55,12,
1959,millonarios,1,44,22,14,8,85,52,33,58,
1959,medellin,2,44,20,12,12,84,66,18,52,
1959,cali,3,44,18,14,12,81,64,17,50,
1959,pereira,4,43,18,10,15,94,91,3,46,
1959,nacional,5,43,16,10,17,87,87,0,42,
1959,santafe,6,42,15,12,15,78,68,10,42,
1959,cucuta,7,44,13,16,15,80,85,-5,42,
1959,quindio,8,44,13,14,17,60,70,-10,40,
1959,bucaramanga,9,44,14,11,19,67,78,-11,39,
1959,magdalena,10,44,13,12,19,52,72,-20,38,
1959,tolima,11,44,12,14,18,78,95,-17,38,
1959,america,12,44,12,13,19,71,89,-18,37,
1960,santafe,1,44,22,17,5,95,64,31,61,
1960,america,2,44,21,13,10,62,42,20,55,
1960,bucaramanga,3,44,20,14,10,74,53,21,54,
1960,cali,4,44,20,9,15,76,71,5,49,
1960,medellin,5,44,18,12,14,64,51,13,48,
1960,millonarios,6,44,16,13,15,69,57,12,45,
1960,tolima,7,44,16,13,15,82,85,-3,45,
1960,quindio,8,44,14,15,15,64,71,-7,43,
1960,nacional,9,44,15,7,22,66,72,-6,37,
1960,magdalena,10,44,10,12,22,57,83,-26,32,
1960,cucuta,11,44,11,8,25,49,83,-34,30,
1960,pereira,12,44,8,13,23,57,83,-26,29,
1961,millonarios,1,44,25,12,7,95,56,39,62,
1961,medellin,2,44,21,12,11,72,54,18,54,
1961,santafe,3,44,21,8,15,99,73,26,50,
1961,cucuta,4,44,16,15,13,71,66,5,47,
1961,cali,5,44,17,12,15,75,65,10,46,
1961,bucaramanga,6,44,16,12,16,61,61,0,44,
1961,caldas,7,44,15,13,16,64,58,6,43,
1961,america,8,44,15,10,19,65,74,-9,40,
1961,pereira,9,44,15,10,19,68,82,-14,40,
1961,quindio,10,44,12,13,19,54,91,-37,37,
1961,nacional,11,44,13,9,22,69,90,-21,35,
1961,tolima,12,44,9,12,23,53,76,-23,30,
1962,millonarios,1,44,25,11,8,96,44,52,61,
1962,cali,2,44,25,7,12,104,61,43,57,
1962,pereira,3,44,21,11,12,77,71,6,53,
1962,caldas,4,44,22,8,14,84,59,25,52,
1962,america,5,44,20,12,12,72,54,18,52,
1962,medellin,6,44,18,11,15,80,81,-1,47,
1962,bucaramanga,7,44,16,10,18,65,66,-1,42,
1962,cucuta,8,44,16,9,19,92,92,0,41,
1962,santafe,9,44,15,9,20,69,84,-15,39,
1962,nacional,10,44,10,9,25,56,96,-40,29,
1962,tolima,11,44,9,11,24,47,83,-36,29,
1962,quindio,12,44,6,12,26,51,102,-51,24,
1963,millonarios,1,48,27,9,12,102,61,41,63,
1963,santafe,2,48,24,13,11,112,81,31,61,
1963,cali,3,48,23,14,11,77,59,18,60,
1963,cucuta,4,48,21,13,14,95,68,27,55,
1963,caldas,5,48,21,12,15,95,96,-1,54,
1963,pereira,6,48,19,12,17,96,77,19,50,
1963,medellin,7,48,18,14,16,73,66,7,50,
1963,america,8,48,14,20,14,73,68,5,48,
1963,quindio,9,48,16,14,18,63,75,-12,46,
1963,bucaramanga,10,48,14,13,21,68,80,-12,41,
1963,nacional,11,48,15,10,23,79,101,-22,40,
1963,magdalena,12,48,10,8,30,68,121,-53,28,
1963,tolima,13,48,8,12,28,61,109,-48,28,
1964,millonarios,1,48,21,15,12,87,72,15,57,
1964,cucuta,2,48,19,18,11,79,57,22,56,
1964,medellin,3,48,19,16,13,85,73,12,54,
1964,quindio,4,48,18,16,14,81,68,13,52,
1964,cali,5,48,15,21,12,83,71,12,51,
1964,pereira,6,48,15,18,15,74,67,7,48,
1964,santafe,7,48,17,14,17,89,85,4,48,
1964,america,8,48,15,18,15,71,70,1,48,
1964,nacional,9,48,17,13,18,85,82,3,47,
1964,magdalena,10,48,16,12,20,78,93,-15,44,
1964,tolima,11,48,12,17,19,63,84,-21,41,
1964,caldas,12,48,13,14,21,64,94,-30,40,
1964,bucaramanga,13,48,11,16,21,63,86,-23,38,
1965,cali,1,48,27,8,13,93,66,27,62,
1965,nacional,2,48,22,16,10,71,58,13,60,
1965,millonarios,3,48,18,21,9,91,65,26,57,
1965,pereira,4,48,22,12,14,92,56,36,56,
1965,santafe,5,48,22,12,14,99,74,25,56,
1965,america,6,48,14,22,12,77,67,10,50,
1965,caldas,7,48,15,17,16,75,77,-2,47,
1965,medellin,8,48,16,14,18,90,91,-1,46,
1965,bucaramanga,9,48,17,11,20,66,80,-14,45,
1965,magdalena,10,48,14,16,18,68,77,-9,44,
1965,tolima,11,48,14,11,23,53,89,-36,39,
1965,quindio,12,48,11,10,27,64,90,-26,32,
1965,cucuta,13,48,10,10,28,53,102,-49,30,
1966,santafe,1,52,25,16,11,102,76,26,66,
1966,medellin,2,52,25,13,14,106,73,33,63,
1966,pereira,3,52,24,13,15,91,83,8,61,
1966,caldas,4,52,24,11,17,101,83,18,59,
1966,millonarios,5,52,23,12,17,98,88,10,58,
1966,cali,6,52,20,15,17,83,76,7,55,
1966,cucuta,7,52,19,16,17,77,72,5,54,
1966,junior,8,52,21,11,20,94,88,6,53,
1966,magdalena,9,52,21,10,21,76,80,-4,52,
1966,america,10,52,16,16,20,60,69,-9,48,
1966,bucaramanga,11,52,13,16,23,71,89,-18,42,
1966,nacional,12,52,15,11,26,81,103,-22,41,
1966,tolima,13,52,15,11,26,74,98,-24,41,
1966,quindio,14,52,12,11,29,74,110,-36,35,
1967,cali,1,52,29,15,8,89,48,41,73,
1967,millonarios,2,52,26,13,13,109,74,35,65,
1967,america,3,52,20,21,11,85,69,16,61,
1967,pereira,4,52,19,22,11,88,73,15,60,
1967,junior,5,52,24,11,17,80,64,16,59,
1967,santafe,6,52,19,15,18,87,79,8,53,
1967,quindio,7,52,16,18,18,79,82,-3,50,
1967,cucuta,8,52,16,17,19,68,77,-9,49,
1967,medellin,9,52,16,17,19,71,83,-12,49,
1967,magdalena,10,52,15,17,20,94,96,-2,47,
1967,nacional,11,52,14,19,19,75,81,-6,47,
1967,bucaramanga,12,52,14,17,21,57,77,-20,45,
1967,caldas,13,52,13,13,26,77,92,-15,39,
1967,tolima,14,52,7,17,28,46,110,-64,31,
1968,magdalena,1,26,15,8,3,52,30,22,38,
1968,cali,2,26,14,8,4,55,34,21,36,
1968,millonarios,3,26,14,7,5,56,31,25,35,
1968,junior,4,26,14,7,5,54,31,23,35,
1968,santafe,5,26,13,6,7,57,42,15,32,
1968,america,6,26,11,9,6,43,28,15,31,
1968,medellin,7,26,8,12,6,26,27,-1,28,
1968,pereira,8,26,8,9,9,37,38,-1,25,
1968,caldas,9,26,8,7,11,37,43,-6,23,
1968,bucaramanga,10,26,9,3,14,36,37,-1,21,
1968,quindio,11,26,5,8,13,34,59,-25,18,
1968,nacional,12,26,5,6,15,24,47,-23,16,
1968,cucuta,13,26,2,10,14,26,54,-28,14,
1968,tolima,14,26,4,4,18,26,62,-36,12,
1969,cali,1,26,14,8,4,55,31,24,36,
1969,america,2,26,10,13,3,36,26,10,33,
1969,millonarios,3,26,11,10,5,45,37,8,32,
1969,quindio,4,26,10,10,6,35,29,6,30,
1969,junior,5,26,10,8,8,42,39,3,28,
1969,cucuta,6,26,11,4,11,46,43,3,26,
1969,bucaramanga,7,26,8,10,8,28,24,4,26,
1969,santafe,8,26,7,10,9,57,55,2,24,
1969,medellin,9,26,9,5,12,42,46,-4,23,
1969,caldas,10,26,7,9,10,37,50,-13,23,
1969,pereira,11,26,9,5,12,41,47,-6,23,
1969,magdalena,12,26,6,9,11,26,38,-12,21,
1969,tolima,13,26,7,6,13,37,49,-12,20,
1969,nacional,14,26,5,9,12,32,45,-13,19,
1970,santafe,1,26,14,9,3,40,21,19,37,
1970,junior,2,26,12,9,5,41,30,11,33,
1970,caldas,3,26,12,7,7,43,43,0,31,
1970,medellin,4,26,12,6,8,32,29,3,30,
1970,cucuta,5,26,10,8,8,43,30,13,28,
1970,millonarios,6,26,8,11,7,41,29,12,27,
1970,cali,7,26,8,10,8,33,30,3,26,
1970,nacional,8,26,10,6,10,40,43,-3,26,
1970,magdalena,9,26,7,11,8,31,36,-5,25,
1970,america,10,26,8,8,10,30,35,-5,24,
1970,quindio,11,26,3,15,8,24,37,-13,21,
1970,bucaramanga,12,26,7,6,13,30,42,-12,20,
1970,tolima,13,26,4,11,11,27,37,-10,19,
1970,pereira,14,26,3,11,12,30,43,-13,17,
1971,nacional,1,26,16,8,2,43,23,20,40,
1971,cali,2,26,16,7,3,48,28,20,39,
1971,santafe,3,26,13,10,3,44,25,19,36,
1971,millonarios,4,26,13,6,7,44,30,14,32,
1971,cucuta,5,26,10,9,7,43,36,7,29,
1971,pereira,6,26,8,10,8,34,38,-4,26,
1971,america,7,26,9,8,9,34,33,1,26,
1971,caldas,8,26,9,6,11,39,33,6,24,
1971,quindio,9,26,6,11,9,29,43,-14,23,
1971,tolima,10,26,6,10,10,33,38,-5,22,
1971,real-cartagena,11,26,4,12,10,18,32,-14,20,
1971,junior,12,26,7,4,15,29,40,-11,18,
1971,oro-negro,13,26,4,7,15,23,47,-24,15,
1971,magdalena,14,26,4,6,16,28,43,-15,14,
1972,millonarios,1,26,15,8,3,43,21,22,38,
1972,junior,2,26,13,10,3,37,20,17,36,
1972,santafe,3,26,11,9,6,28,15,13,31,
1972,cali,4,26,11,8,7,39,27,12,30,
1972,nacional,5,26,13,4,9,33,32,1,30,
1972,pereira,6,26,7,13,6,31,31,0,27,
1972,tolima,7,26,6,14,6,29,32,-3,26,
1972,quindio,8,26,8,9,9,39,35,4,25,
1972,medellin,9,26,6,11,9,24,26,-2,23,
1972,cucuta,10,26,6,11,9,26,30,-4,23,
1972,bucaramanga,11,26,7,7,12,27,33,-6,21,
1972,magdalena,12,26,4,10,12,18,32,-14,18,
1972,caldas,13,26,5,8,13,24,42,-18,18,
1972,america,14,26,5,8,13,17,39,-22,18,
1973,millonarios,1,26,16,7,3,48,20,28,39,
1973,cali,2,26,13,10,3,41,22,19,36,
1973,nacional,3,26,11,9,6,35,30,5,31,
1973,cucuta,4,26,11,7,8,43,28,15,29,
1973,magdalena,5,26,11,7,8,28,25,3,29,
1973,medellin,6,26,10,8,8,34,26,8,28,
1973,quindio,7,26,8,8,10,21,26,-5,24,
1973,bucaramanga,8,26,9,6,11,31,38,-7,24,
1973,pereira,9,26,7,9,10,37,38,-1,23,
1973,junior,10,26,7,9,10,25,31,-6,23,
1973,caldas,11,26,6,11,9,24,34,-10,23,
1973,santafe,12,26,7,8,11,26,35,-9,22,
1973,america,13,26,5,7,14,29,47,-18,17,
1973,tolima,14,26,3,10,13,22,44,-22,16,
1974,nacional,1,26,15,7,4,38,22,16,37,
1974,cali,2,26,14,9,3,38,19,19,37,
1974,millonarios,3,26,15,3,8,38,21,17,33,
1974,junior,4,26,12,9,5,27,18,9,33,
1974,medellin,5,26,11,8,7,32,22,10,30,
1974,santafe,6,26,11,8,7,38,33,5,30,
1974,america,7,26,9,11,6,27,24,3,29,
1974,cucuta,8,26,6,10,10,19,26,-7,22,
1974,caldas,9,26,8,5,13,31,41,-10,21,
1974,quindio,10,26,6,9,11,27,35,-8,21,
1974,bucaramanga,11,26,5,11,10,20,35,-15,21,
1974,pereira,12,26,7,5,14,14,21,-7,19,
1974,magdalena,13,26,5,7,14,18,34,-16,17,
1974,tolima,14,26,1,12,13,18,34,-16,14,
1975,millonarios,1,26,18,5,3,48,22,26,41,
1975,cali,2,26,16,6,4,47,21,26,38,
1975,santafe,3,26,12,10,4,32,18,14,34,
1975,junior,4,26,12,8,6,40,24,16,32,
1975,medellin,5,26,10,9,7,38,32,6,29,
1975,magdalena,6,26,10,8,8,30,30,0,28,
1975,pereira,7,26,10,7,9,40,39,1,27,
1975,quindio,8,26,8,8,10,26,30,-4,24,
1975,bucaramanga,9,26,8,8,10,34,39,-5,24,
1975,tolima,10,26,7,8,11,26,38,-12,22,
1975,america,11,26,9,3,14,29,33,-4,21,
1975,nacional,12,26,6,8,12,32,42,-10,20,
1975,caldas,13,26,5,5,16,26,49,-23,15,
1975,cucuta,14,26,1,7,18,15,46,-31,9,
1976,millonarios,1,26,15,7,4,49,22,27,37,
1976,junior,2,26,16,5,5,35,17,18,37,
1976,cali,3,26,11,7,8,35,28,7,29,
1976,nacional,4,26,11,5,10,30,24,6,27,
1976,santafe,5,26,8,11,7,25,26,-1,27,
1976,caldas,6,26,11,4,11,34,34,0,26,
1976,cucuta,7,26,8,10,8,24,28,-4,26,
1976,bucaramanga,8,26,8,9,9,26,28,-2,25,
1976,magdalena,9,26,9,6,11,27,29,-2,24,
1976,pereira,10,26,7,9,10,29,35,-6,23,
1976,medellin,11,26,7,8,11,23,37,-14,22,
1976,tolima,12,26,6,9,11,23,35,-12,21,
1976,quindio,13,24,4,12,8,29,37,-8,20,
1976,america,14,26,9,2,15,34,43,-9,20,
1977,junior,1,26,12,11,3,39,21,18,35,
1977,cali,2,26,13,7,6,47,33,14,33,
1977,america,3,26,11,7,8,38,32,6,29,
1977,santafe,4,26,8,13,5,33,30,3,29,
1977,millonarios,5,26,10,8,8,40,33,7,28,
1977,nacional,6,26,10,8,8,29,24,5,28,
1977,caldas,7,26,11,6,9,36,36,0,28,
1977,medellin,8,26,9,10,7,31,27,4,28,
1977,quindio,9,26,9,9,8,29,33,-4,27,
1977,magdalena,10,26,7,9,10,22,33,-11,23,
1977,bucaramanga,11,26,4,14,8,26,34,-8,22,
1977,pereira,12,26,7,7,12,26,36,-10,21,
1977,tolima,13,26,6,8,12,30,35,-5,20,
1977,cucuta,14,26,3,7,16,29,48,-19,13,
1978,nacional,1,26,15,7,4,45,25,20,37,
1978,cali,2,26,12,10,4,44,26,18,34,
1978,america,3,26,12,8,6,45,31,14,32,
1978,bucaramanga,4,26,11,7,8,34,29,5,29,
1978,santafe,5,26,10,8,8,37,33,4,28,
1978,cucuta,6,26,8,12,6,34,35,-1,28,
1978,millonarios,7,26,9,9,8,52,47,5,27,
1978,caldas,8,26,9,8,9,42,40,2,26,
1978,magdalena,9,26,8,9,9,20,25,-5,25,
1978,junior,10,26,8,8,10,30,35,-5,24,
1978,quindio,11,26,8,8,10,24,31,-7,24,
1978,tolima,12,26,7,7,12,30,38,-8,21,
1978,medellin,13,26,8,2,16,29,42,-13,18,
1978,pereira,14,26,2,7,17,13,42,-29,11,
1979,cali,1,26,13,8,5,37,27,10,34,
1979,america,2,26,13,8,5,29,19,10,34,
1979,caldas,3,26,13,7,6,42,24,18,33,
1979,junior,4,26,13,6,7,36,27,9,32,
1979,magdalena,5,26,9,9,8,27,25,2,27,
1979,medellin,6,26,9,9,8,34,30,4,27,
1979,santafe,7,26,5,16,5,34,33,1,26,
1979,millonarios,8,26,11,4,11,42,37,5,26,
1979,nacional,9,26,8,8,10,32,38,-6,24,
1979,quindio,10,26,7,10,9,27,24,3,24,
1979,bucaramanga,11,26,8,7,11,34,38,-4,23,
1979,pereira,12,26,8,6,12,33,37,-4,22,
1979,cucuta,13,26,6,10,10,27,40,-13,22,
1979,tolima,14,26,2,6,18,23,58,-35,10,
1980,junior,1,26,12,11,3,35,15,20,35,
1980,cali,2,26,13,9,4,45,28,17,35,
1980,caldas,3,26,13,8,5,33,20,13,34,
1980,pereira,4,26,10,11,5,28,20,8,31,
1980,quindio,5,26,9,9,8,24,23,1,27,
1980,millonarios,6,26,9,8,9,42,37,5,26,
1980,america,7,26,9,8,9,36,33,3,26,
1980,nacional,8,26,8,10,8,33,34,-1,26,
1980,santafe,9,26,8,10,8,34,36,-2,26,
1980,magdalena,10,26,8,8,10,25,36,-11,24,
1980,medellin,11,26,6,10,10,30,33,-3,22,
1980,tolima,12,26,4,11,11,25,41,-16,19,
1980,bucaramanga,13,26,5,8,13,30,46,-16,18,
1980,cucuta,14,26,3,9,14,21,39,-18,15,
1981,america,1,26,15,8,3,42,21,21,38,
1981,millonarios,2,26,14,7,5,46,28,18,35,
1981,nacional,3,26,14,7,5,45,33,12,35,
1981,cali,4,26,11,7,8,35,22,13,29,
1981,quindio,5,26,9,9,8,28,29,-1,27,
1981,magdalena,6,26,9,9,8,23,29,-6,27,
1981,cucuta,7,26,9,7,10,30,36,-6,25,
1981,pereira,8,26,6,12,8,29,32,-3,24,
1981,santafe,9,26,6,11,9,36,40,-4,23,
1981,bucaramanga,10,26,7,9,10,29,37,-8,23,
1981,medellin,11,26,7,8,11,26,36,-10,22,
1981,junior,12,26,6,9,11,19,26,-7,21,
1981,caldas,13,26,7,6,13,32,41,-9,20,
1981,tolima,14,26,6,7,13,13,21,-8,19,
1982,america,1,26,12,10,4,35,19,16,34,
1982,cali,2,26,14,6,6,45,29,16,34,
1982,pereira,3,26,14,4,8,39,34,5,32,
1982,nacional,4,26,9,11,6,33,26,7,29,
1982,medellin,5,26,11,6,9,43,39,4,28,
1982,santafe,6,26,11,4,11,40,34,6,26,
1982,magdalena,7,26,9,8,9,30,29,1,26,
1982,cucuta,8,26,10,6,10,36,28,8,26,
1982,caldas,9,26,8,9,9,29,33,-4,25,
1982,bucaramanga,10,26,9,6,11,44,51,-7,24,
1982,junior,11,26,7,8,11,36,45,-9,22,
1982,tolima,12,26,6,10,10,26,32,-6,22,
1982,millonarios,13,26,7,7,12,35,42,-7,21,
1982,quindio,14,26,4,8,14,25,55,-30,16,
1983,nacional,1,26,15,7,4,37,23,14,37,
1983,america,2,26,15,5,6,47,24,23,35,
1983,millonarios,3,26,14,7,5,39,23,16,35,
1983,junior,4,26,13,8,5,48,25,23,34,
1983,santafe,5,26,14,4,8,54,36,18,32,
1983,medellin,6,26,7,14,5,29,28,1,28,
1983,pereira,7,26,11,4,11,35,39,-4,26,
1983,cali,8,26,10,5,11,29,30,-1,25,
1983,magdalena,9,26,8,8,10,24,29,-5,24,
1983,caldas,10,26,5,14,7,28,31,-3,24,
1983,tolima,11,26,7,5,14,26,37,-11,19,
1983,bucaramanga,12,26,6,6,14,27,54,-27,18,
1983,cucuta,13,26,3,8,15,24,42,-18,14,
1983,quindio,14,26,4,5,17,16,42,-26,13,
1984,america,1,26,13,10,3,41,20,21,36,
1984,nacional,2,26,13,9,4,39,21,18,35,
1984,junior,3,26,13,5,8,34,31,3,31,
1984,millonarios,4,26,11,9,6,39,20,19,31,
1984,medellin,5,26,10,11,5,32,18,14,31,
1984,bucaramanga,6,26,13,3,10,33,33,0,29,
1984,magdalena,7,26,11,5,10,28,29,-1,27,
1984,santafe,8,26,9,8,9,36,31,5,26,
1984,tolima,9,26,7,10,9,25,27,-2,24,
1984,pereira,10,26,8,7,11,30,44,-14,23,
1984,caldas,11,26,8,6,12,28,40,-12,22,
1984,cali,12,26,6,9,11,26,34,-8,21,
1984,quindio,13,26,5,6,15,25,42,-17,16,
1984,cucuta,14,26,1,10,15,25,51,-26,12,
1985,america,1,26,16,6,4,38,18,20,38,
1985,cali,2,26,12,12,2,36,17,19,36,
1985,nacional,3,26,12,6,8,43,30,13,30,
1985,quindio,4,26,11,7,8,30,33,-3,29,
1985,magdalena,5,26,10,9,7,39,28,11,29,
1985,millonarios,6,26,10,9,7,41,39,2,29,
1985,tolima,7,26,9,9,8,25,22,3,27,
1985,medellin,8,26,10,6,10,39,32,7,26,
1985,pereira,9,26,9,8,9,40,38,2,26,
1985,bucaramanga,10,26,9,7,10,39,39,0,25,
1985,junior,11,26,9,4,13,37,33,4,22,
1985,caldas,12,26,7,6,13,23,37,-14,20,
1985,santafe,13,26,6,4,16,28,52,-24,16,
1985,cucuta,14,26,3,5,18,22,62,-40,11,
1986,millonarios,1,26,12,10,4,37,20,17,34,
1986,america,2,26,13,7,6,41,25,16,33,
1986,medellin,3,26,11,10,5,33,20,13,32,
1986,cali,4,26,12,7,7,34,25,9,31,
1986,nacional,5,26,8,15,3,25,17,8,31,
1986,caldas,6,26,10,10,6,37,26,11,30,
1986,quindio,7,26,8,13,5,35,27,8,29,
1986,santafe,8,26,10,7,9,24,24,0,27,
1986,magdalena,9,26,11,4,11,29,38,-9,26,
1986,junior,10,26,9,8,9,25,28,-3,26,
1986,bucaramanga,11,26,7,11,8,32,36,-4,25,
1986,tolima,12,26,8,3,15,23,33,-10,19,
1986,cucuta,13,26,2,9,15,15,34,-19,13,
1986,pereira,14,26,1,6,19,14,51,-37,8,
1987,millonarios,1,26,17,6,3,47,29,18,40,
1987,nacional,2,26,15,6,5,37,22,15,36,
1987,america,3,26,11,8,7,32,17,15,30,
1987,santafe,4,26,11,8,7,41,29,12,30,
1987,cali,5,26,10,9,7,44,31,13,29,
1987,pereira,6,26,9,11,6,31,26,5,29,
1987,medellin,7,26,10,8,8,28,29,-1,28,
1987,junior,8,26,9,10,7,38,29,9,28,
1987,bucaramanga,9,26,8,10,8,22,25,-3,26,
1987,quindio,10,26,8,9,9,33,37,-4,25,
1987,cucuta,11,26,6,5,15,25,38,-13,17,
1987,magdalena,12,26,6,5,15,18,36,-18,17,
1987,tolima,13,26,4,8,14,22,44,-22,16,
1987,caldas,14,26,4,5,17,19,45,-26,13,
1988,millonarios,1,28,19,4,5,49,21,28,42,
1988,santafe,2,28,16,9,3,44,21,23,41,
1988,nacional,3,28,16,7,5,44,23,21,39,
1988,junior,4,28,12,9,7,46,28,18,33,
1988,america,5,28,13,5,10,48,42,6,31,
1988,quindio,6,28,13,5,10,37,34,3,31,
1988,medellin,7,28,9,12,7,30,28,2,30,
1988,pereira,8,28,8,14,6,32,28,4,30,
1988,cucuta,9,28,10,7,11,37,42,-5,27,
1988,tolima,10,28,8,10,10,24,32,-8,26,
1988,cali,11,28,8,6,14,30,37,-7,22,
1988,sporting,12,28,7,7,14,28,51,-23,21,
1988,bucaramanga,13,28,5,10,13,25,37,-12,20,
1988,caldas,14,28,3,9,16,26,49,-23,15,
1988,magdalena,15,28,2,8,18,16,43,-27,12,
1989,america,1,14,9,5,0,19,9,10,23,
1989,magdalena,2,14,8,4,2,16,5,11,20,
1989,junior,3,14,7,5,2,16,11,5,19,
1989,medellin,4,14,7,4,3,26,15,11,18,
1989,millonarios,5,14,4,9,1,19,15,4,17,
1989,nacional,6,14,5,6,3,22,12,10,16,
1989,pereira,7,14,3,9,2,11,10,1,15,
1989,caldas,8,14,4,6,4,14,17,-3,14,
1989,cali,9,14,5,3,6,14,14,0,13,
1989,santafe,10,14,4,4,6,11,15,-4,12,
1989,quindio,11,14,3,6,5,15,20,-5,12,
1989,tolima,12,14,5,0,9,12,20,-8,10,
1989,bucaramanga,13,14,3,4,7,11,14,-3,10,
1989,cucuta,14,14,2,3,9,8,17,-9,7,
1989,sporting,15,14,0,4,10,9,29,-20,4,
1990,america,1,40,22,15,3,77,27,50,59,
1990,medellin,2,40,18,14,8,50,37,13,50,
1990,bucaramanga,3,40,20,9,11,49,35,14,49,
1990,nacional,4,40,16,15,9,55,41,14,47,
1990,cali,5,40,14,18,8,46,32,14,46,
1990,santafe,6,40,15,15,10,52,46,6,45,
1990,quindio,7,40,17,10,13,51,41,10,44,
1990,caldas,8,40,15,13,12,44,51,-7,43,
1990,millonarios,9,40,14,13,13,51,43,8,41,
1990,pereira,10,40,13,13,14,38,45,-7,39,
1990,tolima,11,40,10,13,17,31,48,-17,33,
1990,junior,12,40,6,19,15,34,41,-7,31,
1990,magdalena,13,40,8,11,21,36,57,-21,27,
1990,cucuta,14,40,6,12,22,22,59,-37,24,
1990,sporting,15,40,4,14,22,30,63,-33,22,
1991,junior,1,40,21,12,7,71,43,28,54,
1991,quindio,2,40,22,7,11,53,38,15,51,
1991,america,3,40,18,13,9,64,44,20,49,
1991,millonarios,4,40,17,15,8,63,43,20,49,
1991,nacional,5,40,17,14,9,59,40,19,48,
1991,santafe,6,40,19,8,13,63,53,10,46,
1991,medellin,7,40,16,14,10,54,41,13,46,
1991,bucaramanga,8,40,17,11,12,58,47,11,45,
1991,magdalena,9,40,15,12,13,51,47,4,42,
1991,caldas,10,40,13,13,14,56,62,-6,39,
1991,cali,11,40,12,13,15,41,42,-1,37,
1991,cucuta,12,40,6,14,20,45,74,-29,26,
1991,sporting,13,40,8,8,24,42,71,-29,24,
1991,tolima,14,40,7,8,25,25,72,-47,22,
1991,pereira,15,40,6,10,24,28,56,-28,22,
1992,america,1,46,19,19,8,61,42,19,57,
1992,cali,2,46,21,14,11,59,38,21,56,
1992,nacional,3,46,20,15,11,66,41,25,55,
1992,junior,4,46,20,14,12,76,54,22,54,
1992,santafe,5,46,20,13,13,64,49,15,53,
1992,millonarios,6,46,18,17,11,54,47,7,53,
1992,magdalena,7,46,17,15,14,64,60,4,49,
1992,bucaramanga,8,46,17,15,14,41,46,-5,49,
1992,pereira,9,46,14,18,14,49,49,0,46,
1992,envigado,10,46,13,20,13,53,51,2,46,
1992,caldas,11,46,13,18,15,37,41,-4,44,
1992,quindio,12,46,12,18,16,46,57,-11,42,
1992,medellin,13,46,13,9,24,44,54,-10,35,
1992,cucuta,14,46,9,17,20,48,67,-19,35,
1992,tolima,15,46,9,15,22,45,70,-25,33,
1992,real-cartagena,16,46,6,17,23,26,67,-41,29,
1993,junior,1,44,23,10,11,83,61,22,56,
1993,medellin,2,44,21,12,11,97,89,8,54,
1993,caldas,3,44,17,15,12,65,55,10,49,
1993,cali,4,44,16,17,11,61,53,8,49,
1993,bucaramanga,5,44,16,15,13,54,50,4,47,
1993,millonarios,6,44,16,15,13,51,47,4,47,
1993,america,7,44,15,16,13,67,55,12,46,
1993,nacional,8,44,17,11,16,61,62,-1,45,
1993,envigado,9,44,14,17,13,49,47,2,45,
1993,pereira,10,44,14,15,15,49,57,-8,43,
1993,huila,11,44,13,16,15,52,57,-5,42,
1993,magdalena,12,44,15,9,20,54,64,-10,39,
1993,quindio,13,44,12,13,19,57,58,-1,37,
1993,santafe,14,44,11,15,18,64,70,-6,37,
1993,cucuta,15,44,12,11,18,50,72,-22,35,
1993,tolima,16,44,10,13,21,44,68,-24,33,
1994,nacional,1,16,8,6,2,17,7,10,22,
1994,america,2,16,8,4,4,26,20,6,20,
1994,caldas,3,16,7,5,4,22,19,3,19,
1994,envigado,4,16,6,7,3,18,17,1,19,
1994,millonarios,5,16,7,4,5,29,19,10,18,
1994,cali,6,16,7,4,5,24,19,5,18,
1994,cucuta,7,16,5,6,5,20,20,0,16,
1994,huila,8,16,5,5,6,20,22,-2,15,
1994,medellin,9,16,5,5,6,19,21,-2,15,
1994,junior,10,16,5,5,6,16,21,-5,15,
1994,magdalena,11,16,5,4,7,16,17,-1,14,
1994,santafe,12,16,5,4,7,20,25,-5,14,
1994,cortulua,13,16,5,3,8,21,24,-3,13,
1994,bucaramanga,14,16,3,7,6,20,24,-4,13,
1994,quindio,15,16,4,5,7,19,24,-5,13,
1994,pereira,16,16,2,8,6,17,25,-8,12,
1995-96,cali,1,48,29,13,6,104,50,54,100,
1995-96,america,2,48,23,16,9,89,54,35,85,
1995-96,nacional,3,48,24,10,14,83,57,26,82,
1995-96,tolima,4,48,18,19,11,60,58,2,73,
1995-96,millonarios,5,48,20,10,18,70,59,11,70,
1995-96,caldas,6,48,17,16,15,66,60,6,67,
1995-96,magdalena,7,48,17,14,17,55,63,-8,65,
1995-96,junior,8,48,17,13,18,73,63,10,64,
1995-96,envigado,9,48,15,17,16,52,52,0,62,
1995-96,pereira,10,48,12,19,17,53,63,-10,55,
1995-96,bucaramanga,11,48,12,18,18,44,61,-17,54,
1995-96,cortulua,12,48,12,18,18,52,72,-20,54,
1995-96,quindio,13,48,14,10,24,63,87,-24,52,
1995-96,huila,14,48,12,16,20,62,98,-36,52,
1995-96,santafe,15,48,14,12,22,71,80,-9,50,
1995-96,medellin,16,48,12,11,25,43,63,-20,47,
1995,junior,1,30,18,8,4,66,37,29,62,
1995,america,2,30,17,9,4,56,32,24,60,
1995,nacional,3,30,12,12,6,48,37,11,48,
1995,cali,4,30,11,14,5,54,42,12,47,
1995,santafe,5,30,11,12,7,40,29,11,45,
1995,pereira,6,30,13,4,13,52,46,6,43,
1995,medellin,7,30,11,10,9,48,43,5,43,
1995,caldas,8,30,11,9,10,37,33,4,42,
1995,tolima,9,30,10,10,10,41,44,-3,40,
1995,quindio,10,30,9,10,11,35,40,-5,37,
1995,cortulua,11,30,10,7,13,38,45,-7,35,
1995,envigado,12,30,8,8,14,36,50,-14,32,
1995,magdalena,13,30,8,7,15,26,42,-16,31,
1995,millonarios,14,30,5,13,12,40,53,-13,28,
1995,huila,15,30,6,8,16,34,56,-22,26,
1995,cucuta,16,30,5,9,16,25,47,-22,24,
1996-97,america,1,46,29,10,7,70,37,33,99,
1996-97,nacional,2,46,24,14,8,73,37,36,87,
1996-97,cali,3,46,23,13,10,77,54,23,82.5,
1996-97,tolima,4,46,18,16,12,61,54,7,70,
1996-97,medellin,5,46,18,16,12,49,44,5,70,
1996-97,magdalena,6,46,20,9,17,55,61,-6,69,
1996-97,junior,7,46,18,11,17,65,58,7,65.25,
1996-97,bucaramanga,8,46,17,13,16,59,59,0,64,
1996-97,cortulua,9,46,15,18,13,50,49,1,63,
1996-97,caldas,10,46,15,15,16,63,48,15,60,
1996-97,santafe,11,46,14,14,18,47,52,-5,56,
1996-97,envigado,12,46,13,15,18,55,55,0,54,
1996-97,quindio,13,46,11,15,20,57,85,-28,48,
1996-97,pereira,14,46,8,16,22,58,82,-24,40,
1996-97,millonarios,15,46,8,13,25,45,65,-20,37,
1996-97,cucuta,16,46,5,16,25,36,80,-44,31,
1998,caldas,1,50,29,15,6,94,46,48,110,8
1998,nacional,2,50,25,16,9,93,52,41,102,11
1998,medellin,3,50,23,17,10,80,45,35,93,7
1998,cali,4,50,21,15,14,77,61,16,86,8
1998,santafe,5,50,19,16,15,56,49,7,80,7
1998,america,6,50,16,19,15,70,59,11,77,10
1998,quindio,7,50,17,17,16,68,65,3,76,8
1998,millonarios,8,50,16,19,15,57,59,-2,75,8
1998,huila,9,50,17,14,19,74,68,6,71,6
1998,tolima,10,50,12,20,18,57,70,-13,71,15
1998,envigado,11,50,16,14,20,55,64,-9,69,7
1998,cortulua,12,50,14,19,17,64,79,-15,69,8
1998,bucaramanga,13,50,14,18,18,59,75,-16,67,7
1998,junior,14,50,12,19,19,71,85,-14,66,11
1998,magdalena,15,50,11,12,27,58,96,-38,50,6
1998,unicosta,16,50,10,6,34,57,115,-58,37,1
1999,america,1,22,11,7,4,42,27,15,40,
1999,nacional,2,22,9,9,4,25,18,7,36,
1999,caldas,3,22,9,7,6,35,19,16,34,
1999,junior,4,22,9,7,6,34,34,0,34,
1999,tolima,5,22,7,11,4,25,20,5,32,
1999,cali,6,22,9,4,9,37,41,-4,31,
1999,cortulua,7,22,8,7,7,31,31,0,31,
1999,medellin,8,22,6,12,4,26,20,6,30,
1999,bucaramanga,9,22,5,12,5,30,24,6,27,
1999,santafe,10,22,6,8,8,23,26,-3,26,
1999,millonarios,11,22,5,10,7,25,34,-9,25,
1999,pasto,12,22,4,13,5,32,32,0,25,
1999,quindio,13,22,6,6,10,32,40,-8,24,
1999,envigado,14,22,6,4,12,21,32,-11,22,
1999,magdalena,15,22,4,10,8,31,38,-7,22,
1999,huila,16,22,3,11,8,18,31,-13,20,
2000,cali,1,22,11,7,4,36,22,14,40,
2000,america,2,22,11,5,6,42,22,20,38,
2000,tolima,3,22,11,3,8,36,29,7,36,
2000,millonarios,4,22,8,9,5,32,27,5,33,
2000,nacional,5,22,9,5,8,35,29,6,32,
2000,junior,6,22,9,5,8,33,27,6,32,
2000,cortulua,7,22,9,5,8,30,31,-1,32,
2000,envigado,8,22,8,8,6,30,25,5,32,
2000,santafe,9,22,8,7,7,32,30,2,31,
2000,real-cartagena,10,22,7,6,9,21,23,-2,27,
2000,huila,11,22,6,9,7,21,27,-6,27,
2000,caldas,12,22,6,9,7,24,31,-7,27,
2000,medellin,13,22,6,8,8,28,34,-6,26,
2000,pasto,14,22,6,4,12,27,44,-17,22,
2000,bucaramanga,15,22,5,6,11,16,28,-12,21,
2000,quindio,16,22,5,6,11,24,38,-14,21,
2001,cortulua,1,22,12,6,4,30,19,11,42,
2001,cali,2,22,11,5,6,31,21,10,38,
2001,caldas,3,22,11,5,6,35,27,8,38,
2001,tolima,4,22,11,3,8,34,28,6,36,
2001,medellin,5,22,9,7,6,40,25,15,34,
2001,santafe,6,22,9,7,6,28,23,5,34,
2001,america,7,22,10,3,9,37,39,-2,33,
2001,junior,8,22,8,7,7,22,23,-1,31,
2001,millonarios,9,22,8,4,10,29,23,6,28,
2001,envigado,10,22,7,7,8,26,30,-4,28,
2001,pereira,11,22,8,3,11,26,34,-8,27,
2001,nacional,12,22,7,5,10,18,28,-10,26,
2001,real-cartagena,13,22,7,4,11,23,28,-5,25,
2001,huila,14,22,6,4,12,28,40,-12,22,
2001,bucaramanga,15,22,4,10,8,10,18,-8,22,
2001,pasto,16,22,5,6,11,23,34,-11,21,
2002-i,cali,1,22,11,6,5,44,24,20,39,
2002-i,santafe,2,22,10,8,4,26,13,13,38,
2002-i,nacional,3,22,10,8,4,24,18,6,38,
2002-i,envigado,4,22,10,6,6,21,18,3,36,
2002-i,pasto,5,22,9,7,6,29,27,2,34,
2002-i,bucaramanga,6,22,9,6,7,24,22,2,33,
2002-i,magdalena,7,22,9,6,7,27,27,0,33,
2002-i,america,8,22,8,9,5,27,22,5,33,
2002-i,caldas,9,22,9,5,8,36,29,7,32,
2002-i,pereira,10,22,8,8,6,20,16,4,32,
2002-i,quindio,11,22,7,9,6,24,30,-6,30,
2002-i,junior,12,22,7,5,10,19,25,-6,26,
2002-i,millonarios,13,22,5,8,9,17,21,-4,23,
2002-i,huila,14,22,5,7,10,21,32,-11,22,
2002-i,cortulua,15,22,5,6,11,16,25,-9,21,
2002-i,medellin,16,22,4,9,9,26,32,-6,21,
2002-i,real-cartagena,17,22,4,8,10,17,25,-8,20,
2002-i,tolima,18,22,3,9,10,18,30,-12,18,
2002-ii,cali,1,22,14,5,3,38,15,23,47,
2002-ii,pasto,2,22,11,3,8,32,33,-1,36,
2002-ii,medellin,3,22,9,8,5,25,16,9,35,
2002-ii,america,4,22,10,4,8,26,24,2,34,
2002-ii,bucaramanga,5,22,9,6,7,34,29,5,33,
2002-ii,magdalena,6,22,9,6,7,25,26,-1,33,
2002-ii,tolima,7,22,8,9,5,30,26,4,33,
2002-ii,nacional,8,22,8,8,6,28,21,7,32,
2002-ii,santafe,9,22,8,8,6,35,30,5,32,
2002-ii,caldas,10,22,7,11,4,23,17,6,32,
2002-ii,quindio,11,22,8,4,10,18,23,-5,28,
2002-ii,cortulua,12,22,8,4,10,21,27,-6,28,
2002-ii,pereira,13,22,7,5,10,27,34,-7,26,
2002-ii,real-cartagena,14,22,7,4,11,20,30,-10,25,
2002-ii,huila,15,22,6,7,9,21,29,-8,25,
2002-ii,millonarios,16,22,6,5,11,25,31,-6,23,
2002-ii,junior,17,22,4,9,9,27,33,-6,21,
2002-ii,envigado,18,22,3,6,13,16,27,-11,15,
2003-i,caldas,1,18,10,5,3,26,15,11,35,
2003-i,millonarios,2,18,8,7,3,23,14,9,31,
2003-i,america,3,18,8,7,3,31,23,8,31,
2003-i,centauros,4,18,7,8,3,24,21,3,29,
2003-i,cali,5,18,8,4,6,27,22,5,28,
2003-i,junior,6,18,8,3,7,19,18,1,27,
2003-i,magdalena,7,18,7,5,6,22,22,0,26,
2003-i,pereira,8,18,7,5,6,22,25,-3,26,
2003-i,huila,9,18,6,8,4,22,22,0,26,
2003-i,medellin,10,18,7,4,7,29,23,6,25,
2003-i,bucaramanga,11,18,6,7,5,21,20,1,25,
2003-i,tolima,12,18,6,4,8,24,24,0,22,
2003-i,envigado,13,18,6,4,8,20,23,-3,22,
2003-i,nacional,14,18,6,2,10,17,20,-3,20,
2003-i,pasto,15,18,4,7,7,15,18,-3,19,
2003-i,santafe,16,18,5,3,10,15,23,-8,18,
2003-i,cortulua,17,18,2,9,7,15,24,-9,15,
2003-i,quindio,18,18,3,4,11,13,28,-15,13,
2003-ii,cali,1,18,10,4,4,34,18,16,34,
2003-ii,nacional,2,18,9,5,4,23,14,9,32,
2003-ii,magdalena,3,18,9,1,8,20,18,2,28,
2003-ii,medellin,4,18,8,4,6,20,15,5,28,
2003-ii,pasto,5,18,8,4,6,20,19,1,28,
2003-ii,tolima,6,18,7,6,5,22,17,5,27,
2003-ii,millonarios,7,18,8,2,8,21,21,0,26,
2003-ii,junior,8,18,7,4,7,24,28,-4,25,
2003-ii,pereira,9,18,6,7,5,20,18,2,25,
2003-ii,quindio,10,18,6,7,5,21,20,1,25,
2003-ii,america,11,18,6,7,5,23,23,0,25,
2003-ii,huila,12,18,6,6,6,23,25,-2,24,
2003-ii,santafe,13,18,5,9,4,15,13,2,24,
2003-ii,caldas,14,18,4,6,8,20,26,-6,18,
2003-ii,envigado,15,18,3,9,6,18,21,-3,18,
2003-ii,bucaramanga,16,18,4,5,9,24,30,-6,17,
2003-ii,cortulua,17,18,4,5,9,16,26,-10,17,
2003-ii,centauros,18,18,4,5,9,15,27,-12,17,
2004-i,america,1,18,12,1,5,30,17,13,37,
2004-i,cali,2,18,10,4,4,23,15,8,34,
2004-i,nacional,3,18,10,3,5,30,23,7,33,
2004-i,caldas,4,18,9,4,5,23,14,9,31,
2004-i,junior,5,18,8,6,4,26,16,10,30,
2004-i,medellin,6,18,8,5,5,20,19,1,29,
2004-i,pasto,7,18,8,3,7,18,19,-1,27,
2004-i,chico,8,18,7,6,5,25,24,1,27,
2004-i,pereira,9,18,7,5,6,21,18,3,26,
2004-i,millonarios,10,18,7,5,6,23,22,1,26,
2004-i,tolima,11,18,6,8,4,20,17,3,26,
2004-i,bucaramanga,12,18,5,6,7,22,25,-3,21,
2004-i,santafe,13,18,4,8,6,18,22,-4,20,
2004-i,cortulua,14,18,5,4,9,27,32,-5,19,
2004-i,huila,15,18,4,4,10,19,29,-10,16,
2004-i,quindio,16,18,3,6,9,11,23,-12,15,
2004-i,envigado,17,18,2,8,8,19,26,-7,14,
2004-i,magdalena,18,18,2,4,12,15,29,-14,10,
2004-ii,america,1,18,13,3,2,32,14,18,42,
2004-ii,bucaramanga,2,18,10,4,4,23,16,7,34,
2004-ii,tolima,3,18,10,3,5,27,20,7,33,
2004-ii,cali,4,18,9,3,6,24,17,7,30,
2004-ii,nacional,5,18,9,3,6,24,18,6,30,
2004-ii,medellin,6,18,8,5,5,24,13,11,29,
2004-ii,caldas,7,18,8,4,6,30,19,11,28,
2004-ii,junior,8,18,7,7,4,26,21,5,28,
2004-ii,envigado,9,18,7,5,6,26,20,6,26,
2004-ii,santafe,10,18,7,4,7,25,24,1,25,
2004-ii,quindio,11,18,7,4,7,21,29,-8,25,
2004-ii,cortulua,12,18,6,4,8,14,19,-5,22,
2004-ii,huila,13,18,5,3,10,21,25,-4,18,
2004-ii,chico,14,18,4,6,8,15,24,-9,18,
2004-ii,magdalena,15,18,5,2,11,11,27,-16,17,
2004-ii,pasto,16,18,3,8,7,10,16,-6,17,
2004-ii,millonarios,17,18,3,4,11,14,29,-15,13,
2004-ii,pereira,18,18,3,4,11,9,25,-16,13,
2005-i,nacional,1,18,10,6,2,36,20,16,36,
2005-i,santafe,2,18,7,7,4,20,16,4,28,
2005-i,medellin,3,18,8,3,7,22,23,-1,27,
2005-i,envigado,4,18,7,6,5,33,24,9,27,
2005-i,cali,5,18,7,6,5,24,18,6,27,
2005-i,huila,6,18,7,6,5,16,12,4,27,
2005-i,tolima,7,18,6,9,3,21,14,7,27,
2005-i,caldas,8,18,6,8,4,21,17,4,26,
2005-i,pasto,9,18,6,8,4,22,21,1,26,
2005-i,junior,10,18,7,4,7,26,23,3,25,
2005-i,america,11,18,6,6,6,24,26,-2,24,
2005-i,real-cartagena,12,18,7,3,8,18,20,-2,24,
2005-i,chico,13,18,6,4,8,18,19,-1,22,
2005-i,millonarios,14,18,4,9,5,25,33,-8,21,
2005-i,bucaramanga,15,18,5,5,8,14,18,-4,20,
2005-i,magdalena,16,18,4,4,10,11,22,-11,16,
2005-i,quindio,17,18,4,4,10,14,32,-18,16,
2005-i,pereira,18,18,2,8,8,15,22,-7,14,
2005-ii,cali,1,18,8,6,4,30,23,7,30,
2005-ii,medellin,2,18,9,2,7,28,23,5,29,
2005-ii,america,3,18,9,2,7,24,20,4,29,
2005-ii,pereira,4,18,9,2,7,27,26,1,29,
2005-ii,junior,5,18,9,2,7,22,27,-5,29,
2005-ii,real-cartagena,6,18,8,5,5,26,19,7,29,
2005-ii,caldas,7,18,8,5,5,25,21,4,29,
2005-ii,santafe,8,18,8,5,5,20,17,3,29,
2005-ii,tolima,9,18,8,3,7,24,18,6,27,
2005-ii,bucaramanga,10,18,7,6,5,24,16,8,27,
2005-ii,nacional,11,18,6,8,4,22,16,6,26,
2005-ii,pasto,12,18,7,4,7,20,18,2,25,
2005-ii,quindio,13,18,7,4,7,18,19,-1,25,
2005-ii,millonarios,14,18,7,3,8,22,21,1,24,
2005-ii,envigado,15,18,5,6,7,20,22,-2,21,
2005-ii,huila,16,18,4,4,10,18,32,-14,16,
2005-ii,chico,17,18,3,6,9,12,24,-12,15,
2005-ii,magdalena,18,18,0,7,11,15,35,-20,7,
2006-i,caldas,1,18,10,7,1,31,15,16,37,
2006-i,cucuta,2,18,11,4,3,29,14,15,37,
2006-i,tolima,3,18,9,5,4,36,19,17,32,
2006-i,nacional,4,18,9,3,6,27,19,8,30,
2006-i,pereira,5,18,7,8,3,20,15,5,29,
2006-i,millonarios,6,18,7,7,4,27,23,4,28,
2006-i,cali,7,18,8,4,6,20,17,3,28,
2006-i,pasto,8,18,7,6,5,28,21,7,27,
2006-i,quindio,9,18,8,3,7,18,17,1,27,
2006-i,america,10,18,8,3,7,20,25,-5,27,
2006-i,envigado,11,18,5,7,6,20,22,-2,22,
2006-i,bucaramanga,12,18,6,3,9,17,23,-6,21,
2006-i,chico,13,18,4,8,6,19,22,-3,20,
2006-i,santafe,14,18,5,5,8,24,32,-8,20,
2006-i,huila,15,18,6,2,10,17,33,-16,20,
2006-i,junior,16,18,4,5,9,22,29,-7,17,
2006-i,medellin,17,18,3,5,10,15,28,-13,14,
2006-i,real-cartagena,18,18,2,1,15,14,30,-16,7,
2006-ii,tolima,1,18,10,4,4,31,19,12,34,
2006-ii,medellin,2,18,10,2,6,29,22,7,32,
2006-ii,chico,3,18,10,2,6,22,15,7,32,
2006-ii,huila,4,18,9,4,5,25,17,8,31,
2006-ii,nacional,5,18,9,4,5,20,15,5,31,
2006-ii,cucuta,6,18,9,4,5,22,18,4,31,
2006-ii,pasto,7,18,9,3,6,23,15,8,30,
2006-ii,millonarios,8,18,8,3,7,23,19,4,27,
2006-ii,quindio,9,18,8,3,7,24,25,-1,27,
2006-ii,cali,10,18,6,7,5,23,21,2,25,
2006-ii,real-cartagena,11,18,7,4,7,17,17,0,25,
2006-ii,santafe,12,18,6,6,6,34,30,4,24,
2006-ii,pereira,13,18,6,4,8,23,24,-1,22,
2006-ii,junior,14,18,5,5,8,19,29,-10,20,
2006-ii,caldas,15,18,5,4,9,23,31,-8,19,
2006-ii,bucaramanga,16,18,4,4,10,22,32,-10,16,
2006-ii,america,17,18,3,4,11,20,33,-13,13,
2006-ii,envigado,18,18,3,3,12,14,32,-18,12,
2007-i,cali,1,18,9,7,2,33,20,13,34,
2007-i,cucuta,2,18,10,3,5,28,17,11,33,
2007-i,nacional,3,18,9,5,4,32,20,12,32,
2007-i,millonarios,4,18,8,6,4,26,17,9,30,
2007-i,chico,5,18,9,3,6,20,16,4,30,
2007-i,medellin,6,18,8,5,5,33,31,2,29,
2007-i,santafe,7,18,8,5,5,23,21,2,29,
2007-i,huila,8,18,9,1,8,24,23,1,28,
2007-i,bucaramanga,9,18,7,6,5,23,21,2,27,
2007-i,pasto,10,18,6,5,7,19,21,-2,23,
2007-i,junior,11,18,5,8,5,22,26,-4,23,
2007-i,tolima,12,18,6,2,10,26,28,-2,20,
2007-i,america,13,18,4,7,7,24,35,-11,19,
2007-i,caldas,14,18,4,6,8,18,25,-7,18,
2007-i,quindio,15,18,4,6,8,14,22,-8,18,
2007-i,real-cartagena,16,18,3,8,7,14,22,-8,17,
2007-i,pereira,17,18,3,6,9,14,21,-7,15,
2007-i,equidad,18,18,2,7,9,21,28,-7,13,
2007-ii,nacional,1,18,11,5,2,28,12,16,38,
2007-ii,equidad,2,18,10,4,4,27,18,9,34,
2007-ii,america,3,18,10,4,4,24,15,9,34,
2007-ii,tolima,4,18,10,3,5,26,17,9,33,
2007-ii,cucuta,5,18,9,5,4,30,19,11,32,
2007-ii,pasto,6,18,8,6,4,28,16,12,30,
2007-ii,caldas,7,18,8,5,5,29,22,7,29,
2007-ii,chico,8,18,7,6,5,20,18,2,27,
2007-ii,quindio,9,18,8,2,8,29,27,2,26,
2007-ii,medellin,10,18,8,1,9,22,25,-3,25,
2007-ii,millonarios,11,18,5,5,8,18,28,-10,20,
2007-ii,cali,12,18,3,9,6,18,20,-2,18,
2007-ii,junior,13,18,5,3,10,17,28,-11,18,
2007-ii,bucaramanga,14,18,5,2,11,20,28,-8,17,
2007-ii,huila,15,18,3,8,7,17,27,-10,17,
2007-ii,pereira,16,18,3,8,7,15,25,-10,17,
2007-ii,real-cartagena,17,18,3,5,10,16,25,-9,14,
2007-ii,santafe,18,18,2,7,9,16,30,-14,13,
2008-i,equidad,1,18,10,5,3,25,13,12,35,
2008-i,chico,2,18,9,5,4,30,19,11,32,
2008-i,santafe,3,18,9,4,5,25,18,7,31,
2008-i,medellin,4,18,8,5,5,26,14,12,29,
2008-i,envigado,5,18,8,4,6,20,20,0,28,
2008-i,cali,6,18,7,6,5,19,21,-2,27,
2008-i,america,7,18,8,2,8,34,28,6,26,
2008-i,quindio,8,18,6,7,5,25,22,3,25,
2008-i,cucuta,9,18,7,4,7,20,17,3,25,
2008-i,bucaramanga,10,18,8,1,9,20,24,-4,25,
2008-i,millonarios,11,18,6,6,6,23,23,0,24,
2008-i,junior,12,18,7,3,8,21,23,-2,24,
2008-i,huila,13,18,5,8,5,25,25,0,23,
2008-i,nacional,14,18,7,1,10,16,19,-3,22,
2008-i,caldas,15,18,5,4,9,20,28,-8,19,
2008-i,pasto,16,18,5,4,9,15,24,-9,19,
2008-i,pereira,17,18,5,4,9,21,33,-12,19,
2008-i,tolima,18,18,4,3,11,21,35,-14,15,
2008-ii,tolima,1,18,10,3,5,22,16,6,33,
2008-ii,junior,2,18,10,1,7,27,19,8,31,
2008-ii,nacional,3,18,9,3,6,20,19,1,30,
2008-ii,america,4,18,8,5,5,25,17,8,29,
2008-ii,medellin,5,18,9,2,7,24,19,5,29,
2008-ii,pereira,6,18,8,5,5,23,20,3,29,
2008-ii,equidad,7,18,8,5,5,18,16,2,29,
2008-ii,cali,8,18,9,1,8,30,21,9,28,
2008-ii,millonarios,9,18,8,4,6,26,18,8,28,
2008-ii,caldas,10,18,7,6,5,20,20,0,27,
2008-ii,santafe,11,18,7,5,6,18,15,3,26,
2008-ii,envigado,12,18,5,6,7,19,19,0,21,
2008-ii,quindio,13,18,5,6,7,16,22,-6,21,
2008-ii,chico,14,18,6,2,10,17,24,-7,20,
2008-ii,bucaramanga,15,18,4,8,6,13,23,-10,20,
2008-ii,pasto,16,18,3,7,8,9,17,-8,16,
2008-ii,huila,17,18,3,6,9,17,26,-9,15,
2008-ii,cucuta,18,18,4,3,11,9,22,-13,15,
2009-i,tolima,1,18,10,2,6,21,16,5,32,
2009-i,junior,2,18,9,4,5,30,18,12,31,
2009-i,cucuta,3,18,9,4,5,16,14,2,31,
2009-i,chico,4,18,8,6,4,24,22,2,30,
2009-i,cali,5,18,8,5,5,23,17,6,29,
2009-i,equidad,6,18,8,5,5,20,18,2,29,
2009-i,envigado,7,18,8,5,5,22,24,-2,29,
2009-i,caldas,8,18,7,7,4,23,14,9,28,
2009-i,quindio,9,18,7,4,7,23,23,0,25,
2009-i,real-cartagena,10,18,7,4,7,23,24,-1,25,
2009-i,america,11,18,7,3,8,24,21,3,24,
2009-i,pereira,12,18,7,3,8,26,25,1,24,
2009-i,huila,13,18,7,3,8,21,26,-5,24,
2009-i,santafe,14,18,5,6,7,20,25,-5,21,
2009-i,millonarios,15,18,3,8,7,16,20,-4,17,
2009-i,pasto,16,18,4,5,9,12,17,-5,17,
2009-i,nacional,17,18,3,7,8,16,25,-9,16,
2009-i,medellin,18,18,2,5,11,18,29,-11,11,
2009-ii,medellin,1,18,12,2,4,29,18,11,38,
2009-ii,santafe,2,18,8,6,4,31,24,7,30,
2009-ii,huila,3,18,8,6,4,27,24,3,30,
2009-ii,pereira,4,18,7,8,3,21,9,12,29,
2009-ii,tolima,5,18,8,5,5,25,23,2,29,
2009-ii,junior,6,18,8,3,7,35,25,10,27,
2009-ii,nacional,7,18,6,9,3,21,19,2,27,
2009-ii,real-cartagena,8,18,7,6,5,30,30,0,27,
2009-ii,millonarios,9,18,6,8,4,24,20,4,26,
2009-ii,pasto,10,18,7,5,6,24,25,-1,26,
2009-ii,chico,11,18,6,6,6,32,31,1,24,
2009-ii,cali,12,18,6,4,8,30,32,-2,22,
2009-ii,quindio,13,18,6,3,9,22,31,-9,21,
2009-ii,equidad,14,18,2,11,5,17,24,-7,17,
2009-ii,caldas,15,18,4,5,9,23,35,-12,17,
2009-ii,cucuta,16,18,3,6,9,15,20,-5,15,
2009-ii,envigado,17,18,2,7,9,35,42,-7,13,
2009-ii,america,18,18,1,10,7,20,29,-9,13,
2010-i,tolima,1,18,10,4,4,36,22,14,34,
2010-i,medellin,2,18,9,6,3,29,17,12,33,
2010-i,junior,3,18,9,5,4,28,17,11,32,
2010-i,equidad,4,18,9,4,5,29,25,4,31,
2010-i,cali,5,18,9,3,6,28,20,8,30,
2010-i,santafe,6,18,9,3,6,25,23,2,30,
2010-i,chico,7,18,8,5,5,25,24,1,29,
2010-i,nacional,8,18,9,1,8,28,24,4,28,
2010-i,real-cartagena,9,18,8,4,6,24,26,-2,28,
2010-i,caldas,10,18,7,4,7,32,28,4,25,
2010-i,huila,11,18,6,6,6,30,26,4,24,
2010-i,envigado,12,18,6,5,7,23,30,-7,23,
2010-i,cucuta,13,18,5,5,8,14,21,-7,20,
2010-i,millonarios,14,18,5,4,9,22,29,-7,19,
2010-i,pereira,15,18,4,6,8,23,28,-5,18,
2010-i,america,16,18,4,4,10,18,28,-10,16,
2010-i,cortulua,17,18,4,3,11,19,32,-13,15,
2010-i,quindio,18,18,4,2,12,9,22,-13,14,
2010-ii,tolima,1,18,11,3,4,35,15,20,36,
2010-ii,caldas,2,18,11,3,4,34,26,8,36,
2010-ii,santafe,3,18,10,5,3,26,13,13,35,
2010-ii,nacional,4,18,10,3,5,25,23,2,33,
2010-ii,quindio,5,18,9,4,5,25,20,5,31,
2010-ii,huila,6,18,8,6,4,28,24,4,30,
2010-ii,cucuta,7,18,8,4,6,24,18,6,28,
2010-ii,equidad,8,18,8,4,6,23,23,0,28,
2010-ii,cali,9,18,6,8,4,31,23,8,26,
2010-ii,america,10,18,7,4,7,25,23,2,25,
2010-ii,medellin,11,18,5,9,4,22,22,0,24,
2010-ii,millonarios,12,18,6,4,8,25,25,0,22,
2010-ii,chico,13,18,5,6,7,16,26,-10,21,
2010-ii,junior,14,18,2,10,6,21,28,-7,16,
2010-ii,real-cartagena,15,18,3,6,9,17,29,-12,15,
2010-ii,cortulua,16,18,3,4,11,14,30,-16,13,
2010-ii,pereira,17,18,0,9,9,12,22,-10,9,
2010-ii,envigado,18,18,1,6,11,19,32,-13,9,
2011-i,caldas,1,18,11,3,4,32,17,15,36,
2011-i,tolima,2,18,10,4,4,35,21,14,34,
2011-i,nacional,3,18,10,3,5,33,27,6,33,
2011-i,envigado,4,18,8,8,2,30,21,9,32,
2011-i,equidad,5,18,8,5,5,23,14,9,29,
2011-i,millonarios,6,18,8,4,6,31,23,8,28,
2011-i,cali,7,18,8,3,7,21,24,-3,27,
2011-i,cucuta,8,18,6,8,4,22,19,3,26,
2011-i,chico,9,18,8,1,9,25,24,1,25,
2011-i,quindio,10,18,7,4,7,22,29,-7,25,
2011-i,aguilas,11,18,6,6,6,24,23,1,24,
2011-i,america,12,18,7,3,8,23,25,-2,24,
2011-i,real-cartagena,13,18,6,5,7,24,25,-1,23,
2011-i,santafe,14,18,5,6,7,18,22,-4,21,
2011-i,junior,15,18,5,4,9,19,28,-9,19,
2011-i,huila,16,18,4,5,9,25,36,-11,17,
2011-i,medellin,17,18,4,3,11,19,30,-11,15,
2011-i,pereira,18,18,1,5,12,16,34,-18,8,
2011-ii,junior,1,18,8,7,3,28,22,6,31,
2011-ii,aguilas,2,18,8,6,4,24,18,6,30,
2011-ii,caldas,3,18,8,5,5,34,23,11,29,
2011-ii,millonarios,4,18,8,4,6,21,17,4,28,
2011-ii,santafe,5,18,8,4,6,22,19,3,28,
2011-ii,envigado,6,18,8,4,6,20,18,2,28,
2011-ii,chico,7,18,6,9,3,19,16,3,27,
2011-ii,america,8,18,7,4,7,22,24,-2,25,
2011-ii,pereira,9,18,5,9,4,23,16,7,24,
2011-ii,cali,10,18,6,5,7,15,20,-5,23,
2011-ii,nacional,11,18,5,7,6,24,23,1,22,
2011-ii,medellin,12,18,6,4,8,26,28,-2,22,
2011-ii,huila,13,18,6,4,8,20,22,-2,22,
2011-ii,quindio,14,18,7,4,7,23,26,-3,22,
2011-ii,tolima,15,18,6,4,8,21,25,-4,22,
2011-ii,real-cartagena,16,18,5,4,9,21,25,-4,19,
2011-ii,equidad,17,18,3,7,8,12,22,-10,16,
2011-ii,cucuta,18,18,2,9,7,17,28,-11,15,
2012-i,tolima,1,18,10,6,2,28,16,12,36,
2012-i,santafe,2,18,7,8,3,29,19,10,29,
2012-i,aguilas,3,18,8,5,5,25,18,7,29,
2012-i,huila,4,18,8,5,5,23,17,6,29,
2012-i,equidad,5,18,7,7,4,19,16,3,28,
2012-i,pasto,6,18,6,9,3,24,18,6,27,
2012-i,chico,7,18,7,6,5,26,22,4,27,
2012-i,cali,8,18,7,6,5,19,18,1,27,
2012-i,patriotas,9,18,7,6,5,13,17,-4,27,
2012-i,junior,10,18,7,4,7,28,24,4,25,
2012-i,envigado,11,18,5,8,5,23,24,-1,23,
2012-i,nacional,12,18,6,4,8,25,20,5,22,
2012-i,millonarios,13,18,4,8,6,22,23,-1,20,
2012-i,real-cartagena,14,18,4,8,6,22,31,-9,20,
2012-i,quindio,15,18,3,9,6,20,29,-9,18,
2012-i,medellin,16,18,4,5,9,17,24,-7,17,
2012-i,caldas,17,18,2,8,8,22,26,-4,14,
2012-i,cucuta,18,18,3,2,13,12,35,-23,11,
2012-ii,millonarios,1,18,11,4,3,25,9,16,37,
2012-ii,equidad,2,18,9,6,3,26,17,9,33,
2012-ii,junior,3,18,8,8,2,27,15,12,32,
2012-ii,aguilas,4,18,8,8,2,23,12,11,32,
2012-ii,nacional,5,18,7,9,2,25,14,11,30,
2012-ii,tolima,6,18,8,5,5,26,20,6,29,
2012-ii,medellin,7,18,7,5,6,23,18,5,26,
2012-ii,pasto,8,18,7,4,7,22,20,2,25,
2012-ii,cucuta,9,18,6,6,6,22,22,0,24,
2012-ii,santafe,10,18,6,5,7,18,22,-4,23,
2012-ii,cali,11,18,6,4,8,21,22,-1,22,
2012-ii,chico,12,18,5,7,6,19,22,-3,22,
2012-ii,quindio,13,18,6,4,8,20,25,-5,22,
2012-ii,envigado,14,18,5,6,7,15,18,-3,21,
2012-ii,caldas,15,18,6,1,11,19,27,-8,19,
2012-ii,patriotas,16,18,4,5,9,17,28,-11,17,
2012-ii,real-cartagena,17,18,3,3,12,15,33,-18,12,
2012-ii,huila,18,18,2,6,10,12,31,-19,12,
2013-i,santafe,1,18,9,6,3,32,25,7,33,
2013-i,nacional,2,18,8,8,2,29,22,7,32,
2013-i,aguilas,3,18,8,7,3,27,17,10,31,
2013-i,cali,4,18,7,9,2,31,21,10,30,
2013-i,tolima,5,18,8,5,5,31,23,8,29,
2013-i,millonarios,6,18,8,4,6,26,18,8,28,
2013-i,caldas,7,18,7,7,4,23,17,6,28,
2013-i,pasto,8,18,6,8,4,21,25,-4,26,
2013-i,cucuta,9,18,6,5,7,23,20,3,23,
2013-i,medellin,10,18,6,5,7,18,18,0,23,
2013-i,equidad,11,18,5,7,6,16,15,1,22,
2013-i,junior,12,18,6,4,8,24,25,-1,22,
2013-i,huila,13,18,4,8,6,19,23,-4,20,
2013-i,alianza,14,18,5,5,8,19,28,-9,20,
2013-i,chico,15,18,4,7,7,27,31,-4,19,
2013-i,envigado,16,18,4,5,9,15,25,-10,17,
2013-i,quindio,17,18,2,7,9,8,24,-16,13,
2013-i,patriotas,18,18,0,11,7,14,26,-12,11,
2013-ii,nacional,1,18,11,4,3,30,12,18,37,
2013-ii,millonarios,2,18,8,7,3,28,18,10,31,
2013-ii,junior,3,18,8,6,4,29,24,5,30,
2013-ii,cali,4,18,7,7,4,22,13,9,28,
2013-ii,caldas,5,18,8,4,6,24,17,7,28,
2013-ii,santafe,6,18,7,7,4,24,17,7,28,
2013-ii,pasto,7,18,6,9,3,21,20,1,27,
2013-ii,aguilas,8,18,8,3,7,20,20,0,27,
2013-ii,medellin,9,18,6,6,6,24,20,4,24,
2013-ii,equidad,10,18,5,8,5,24,21,3,23,
2013-ii,patriotas,11,18,5,8,5,17,17,0,23,
2013-ii,envigado,12,18,5,7,6,17,22,-5,22,
2013-ii,tolima,13,18,4,9,5,19,23,-4,21,
2013-ii,huila,14,18,5,5,8,24,30,-6,20,
2013-ii,alianza,15,18,4,6,8,14,24,-10,18,
2013-ii,cucuta,16,18,4,4,10,19,27,-8,16,
2013-ii,chico,17,18,3,6,9,21,29,-8,15,
2013-ii,quindio,18,18,4,2,12,10,33,-23,14,
2014-i,nacional,1,18,10,4,4,35,22,13,34,
2014-i,millonarios,2,18,10,3,5,27,15,12,33,
2014-i,junior,3,18,10,3,5,20,17,3,33,
2014-i,santafe,4,18,8,6,4,24,16,8,30,
2014-i,caldas,5,18,7,8,3,27,17,10,29,
2014-i,envigado,6,18,9,1,8,27,24,3,28,
2014-i,aguilas,7,18,8,4,6,21,23,-2,28,
2014-i,equidad,8,18,7,6,5,17,17,0,27,
2014-i,alianza,9,18,8,3,7,23,28,-5,27,
2014-i,chico,10,18,7,4,7,19,16,3,25,
2014-i,medellin,11,18,5,6,7,26,30,-4,21,
2014-i,pasto,12,18,4,8,6,28,26,2,20,
2014-i,huila,13,18,5,4,9,23,26,-3,19,
2014-i,cali,14,18,5,4,9,16,22,-6,19,
2014-i,patriotas,15,18,5,4,9,20,30,-10,19,
2014-i,fortaleza,16,18,3,8,7,22,26,-4,17,
2014-i,uniautonoma,17,18,4,5,9,20,30,-10,17,
2014-i,tolima,18,18,4,5,9,18,28,-10,17,
2014-ii,santafe,1,18,9,4,5,24,13,11,31,
2014-ii,medellin,2,18,9,3,6,29,21,8,30,
2014-ii,nacional,3,18,8,5,5,26,12,14,29,
2014-ii,aguilas,4,18,9,2,7,23,21,2,29,
2014-ii,caldas,5,18,7,7,4,24,17,7,28,
2014-ii,cali,6,18,8,4,6,25,25,0,28,
2014-ii,tolima,7,18,7,7,4,23,25,-2,28,
2014-ii,huila,8,18,7,6,5,25,18,7,27,
2014-ii,alianza,9,18,7,6,5,17,16,1,27,
2014-ii,patriotas,10,18,7,5,6,19,24,-5,26,
2014-ii,chico,11,18,5,7,6,23,22,1,22,
2014-ii,junior,12,18,6,4,8,19,20,-1,22,
2014-ii,fortaleza,13,18,5,6,7,17,21,-4,21,
2014-ii,envigado,14,18,5,5,8,18,20,-2,20,
2014-ii,millonarios,15,18,5,5,8,22,28,-6,20,
2014-ii,uniautonoma,16,18,4,6,8,15,23,-8,18,
2014-ii,pasto,17,18,3,9,6,15,23,-8,18,
2014-ii,equidad,18,18,3,5,10,16,31,-15,14,
2015-i,huila,1,20,12,5,3,33,22,11,41,
2015-i,envigado,2,20,10,6,4,21,13,8,36,
2015-i,cali,3,20,10,5,5,36,24,12,35,
2015-i,medellin,4,20,10,5,5,31,22,9,35,
2015-i,millonarios,5,20,9,7,4,36,23,13,34,
2015-i,nacional,6,20,10,4,6,33,24,9,34,
2015-i,tolima,7,20,9,6,5,29,16,13,33,
2015-i,junior,8,20,9,6,5,27,16,11,33,
2015-i,santafe,9,20,8,7,5,29,19,10,31,
2015-i,aguilas,10,20,8,6,6,23,16,7,30,
2015-i,patriotas,11,20,7,6,7,17,18,-1,27,
2015-i,equidad,12,20,6,8,6,21,21,0,26,
2015-i,caldas,13,20,5,8,7,29,32,-3,23,
2015-i,cortulua,14,20,5,6,9,22,25,-3,21,
2015-i,jaguares,15,20,5,6,9,21,32,-11,21,
2015-i,alianza,16,20,3,11,6,17,22,-5,20,
2015-i,chico,17,20,3,8,9,16,29,-13,17,
2015-i,cucuta,18,20,2,9,9,16,33,-17,15,
2015-i,uniautonoma,19,20,3,6,11,13,30,-17,15,
2015-i,pasto,20,20,2,3,15,11,44,-33,9,
2015-ii,nacional,1,20,14,3,3,33,7,26,45,
2015-ii,junior,2,20,11,3,6,31,23,8,36,
2015-ii,tolima,3,20,10,5,5,23,14,9,35,
2015-ii,medellin,4,20,10,5,5,23,18,5,35,
2015-ii,caldas,5,20,9,7,4,25,14,11,34,
2015-ii,alianza,6,20,9,6,5,18,12,6,33,
2015-ii,cali,7,20,9,5,6,30,28,2,32,
2015-ii,santafe,8,20,8,7,5,26,15,11,31,
2015-ii,patriotas,9,20,9,4,7,24,19,5,31,
2015-ii,pasto,10,20,9,3,8,25,26,-1,30,
2015-ii,millonarios,11,20,7,7,6,20,16,4,28,
2015-ii,equidad,12,20,8,4,8,22,27,-5,28,
2015-ii,envigado,13,20,6,7,7,18,18,0,25,
2015-ii,aguilas,14,20,5,9,6,17,16,1,24,
2015-ii,cortulua,15,20,6,6,8,20,20,0,24,
2015-ii,uniautonoma,16,20,6,4,10,18,26,-8,22,
2015-ii,chico,17,20,4,5,11,10,29,-19,17,
2015-ii,huila,18,20,3,7,10,12,28,-16,16,
2015-ii,cucuta,19,20,3,3,14,15,37,-22,12,
2015-ii,jaguares,20,20,2,4,14,18,35,-17,10,
2016-i,medellin,1,20,11,7,2,33,17,16,40,
2016-i,nacional,2,20,12,3,5,42,20,22,39,
2016-i,millonarios,3,20,11,4,5,30,17,13,37,
2016-i,santafe,4,20,11,4,5,28,18,10,37,
2016-i,junior,5,20,10,7,3,28,20,8,37,
2016-i,aguilas,6,20,10,4,6,30,23,7,34,
2016-i,cali,7,20,9,5,6,35,28,7,32,
2016-i,cortulua,8,20,8,7,5,29,23,6,31,
2016-i,patriotas,9,20,8,5,7,22,23,-1,29,
2016-i,caldas,10,20,7,5,8,26,22,4,26,
2016-i,pasto,11,20,5,9,6,19,23,-4,24,
2016-i,tolima,12,20,7,3,10,25,32,-7,24,
2016-i,bucaramanga,13,20,3,14,3,21,27,-6,23,
2016-i,jaguares,14,20,6,5,9,16,29,-13,23,
2016-i,envigado,15,20,4,7,9,21,22,-1,19,
2016-i,huila,16,20,5,4,11,18,26,-8,19,
2016-i,equidad,17,20,4,7,9,20,30,-10,19,
2016-i,chico,18,20,3,8,9,17,28,-11,17,
2016-i,alianza,19,20,4,5,11,24,38,-14,17,
2016-i,fortaleza,20,20,4,3,13,16,34,-18,15,
2016-ii,nacional,1,20,9,10,1,32,19,13,37,
2016-ii,cali,2,20,10,4,6,25,17,8,34,
2016-ii,tolima,3,20,8,9,3,25,16,9,33,
2016-ii,santafe,4,20,9,6,5,22,15,7,33,
2016-ii,medellin,5,20,9,6,5,31,26,5,33,
2016-ii,millonarios,6,20,10,3,7,28,23,5,33,
2016-ii,bucaramanga,7,20,9,5,6,26,19,7,32,
2016-ii,patriotas,8,20,9,5,6,23,19,4,32,
2016-ii,envigado,9,20,9,5,6,23,20,3,32,
2016-ii,alianza,10,20,8,6,6,22,17,5,30,
2016-ii,junior,11,20,7,7,6,25,27,-2,28,
2016-ii,aguilas,12,20,7,5,8,23,28,-5,26,
2016-ii,caldas,13,20,7,4,9,25,24,1,25,
2016-ii,equidad,14,20,5,8,7,24,27,-3,23,
2016-ii,jaguares,15,20,6,5,9,16,20,-4,23,
2016-ii,huila,16,20,6,5,9,18,27,-9,23,
2016-ii,fortaleza,17,20,5,5,10,20,28,-8,20,
2016-ii,pasto,18,20,5,5,10,19,28,-9,20,
2016-ii,cortulua,19,20,3,5,12,22,34,-12,14,
2016-ii,chico,20,20,4,2,14,18,33,-15,14,
2017-i,nacional,1,20,15,4,1,33,9,24,49,
2017-i,medellin,2,20,13,3,4,35,23,12,42,
2017-i,pasto,3,20,10,5,5,31,20,11,35,
2017-i,millonarios,4,20,10,3,7,29,17,12,33,
2017-i,jaguares,5,20,8,7,5,18,16,2,31,
2017-i,cali,6,20,7,9,4,27,20,7,30,
2017-i,america,7,20,8,5,7,26,21,5,29,
2017-i,bucaramanga,8,20,8,5,7,16,17,-1,29,
2017-i,santafe,9,20,7,7,6,16,20,-4,28,
2017-i,alianza,10,20,7,6,7,24,24,0,27,
2017-i,patriotas,11,20,5,9,6,17,18,-1,24,
2017-i,junior,12,20,6,5,9,25,26,-1,23,
2017-i,equidad,13,20,5,8,7,15,18,-3,23,
2017-i,aguilas,14,20,4,9,7,14,21,-7,21,
2017-i,huila,15,20,6,3,11,16,25,-9,21,
2017-i,caldas,16,20,5,6,9,18,29,-11,21,
2017-i,tolima,17,20,5,5,10,24,28,-4,20,
2017-i,tigres,18,20,4,7,9,11,23,-12,19,
2017-i,envigado,19,20,4,6,10,18,26,-8,18,
2017-i,cortulua,20,20,4,6,10,19,31,-12,18,
2017-ii,junior,1,20,12,3,5,32,15,17,39,
2017-ii,santafe,2,20,11,6,3,21,10,11,39,
2017-ii,nacional,3,20,12,2,6,25,12,13,38,
2017-ii,millonarios,4,20,10,6,4,26,14,12,36,
2017-ii,tolima,5,20,9,6,5,25,20,5,33,
2017-ii,america,6,20,8,7,5,19,15,4,31,
2017-ii,equidad,7,20,7,9,4,25,18,7,30,
2017-ii,jaguares,8,20,7,7,6,25,21,4,28,
2017-ii,medellin,9,20,7,6,7,23,20,3,27,
2017-ii,huila,10,20,7,6,7,21,23,-2,27,
2017-ii,envigado,11,20,7,5,8,19,23,-4,26,
2017-ii,tigres,12,20,7,5,8,13,19,-6,26,
2017-ii,cortulua,13,20,7,3,10,17,28,-11,24,
2017-ii,cali,14,20,6,5,9,25,32,-7,23,
2017-ii,pasto,15,20,6,3,11,25,29,-4,21,
2017-ii,patriotas,16,20,4,9,7,19,25,-6,21,
2017-ii,caldas,17,20,5,6,9,16,24,-8,21,
2017-ii,alianza,18,20,5,4,11,16,28,-12,19,
2017-ii,bucaramanga,19,20,4,6,10,18,24,-6,18,
2017-ii,aguilas,20,20,4,6,10,16,26,-10,18,
2018-i,nacional,1,19,12,5,2,23,10,13,41,
2018-i,medellin,2,19,11,2,6,32,23,9,35,
2018-i,tolima,3,19,9,6,4,22,14,8,33,
2018-i,huila,4,19,9,3,7,20,12,8,30,
2018-i,junior,5,19,8,6,5,19,16,3,30,
2018-i,cali,6,19,9,2,8,26,17,9,29,
2018-i,patriotas,7,19,8,5,6,17,18,-1,29,
2018-i,caldas,8,19,8,3,8,26,26,0,27,
2018-i,millonarios,9,19,7,5,7,19,18,1,26,
2018-i,envigado,10,19,7,5,7,19,19,0,26,
2018-i,equidad,11,19,6,7,6,18,15,3,25,
2018-i,santafe,12,19,7,4,8,20,19,1,25,
2018-i,aguilas,13,19,6,7,6,18,22,-4,25,
2018-i,jaguares,14,19,7,4,8,16,23,-7,25,
2018-i,alianza,15,19,6,5,8,24,26,-2,23,
2018-i,bucaramanga,16,19,6,5,8,22,24,-2,23,
2018-i,america,17,19,6,4,9,22,31,-9,22,
2018-i,pasto,18,19,5,5,9,15,19,-4,20,
2018-i,chico,19,19,4,4,11,16,32,-16,16,
2018-i,leones,20,19,2,7,10,13,23,-10,13,
2018-ii,tolima,1,19,12,3,4,34,22,12,39,
2018-ii,caldas,2,19,10,6,3,25,16,9,36,
2018-ii,equidad,3,19,11,3,5,23,15,8,36,
2018-ii,bucaramanga,4,19,11,2,6,25,20,5,35,
2018-ii,medellin,5,19,9,7,3,29,19,10,34,
2018-ii,junior,6,19,9,5,5,32,17,15,32,
2018-ii,aguilas,7,19,9,5,5,21,19,2,32,
2018-ii,santafe,8,19,8,7,4,27,13,14,31,
2018-ii,nacional,9,19,8,6,5,27,20,7,30,
2018-ii,cali,10,19,8,5,6,19,15,4,29,
2018-ii,millonarios,11,19,6,7,6,23,23,0,25,
2018-ii,america,12,19,6,7,6,19,20,-1,25,
2018-ii,envigado,13,19,5,5,9,20,28,-8,20,
2018-ii,chico,14,19,5,5,9,19,28,-9,20,
2018-ii,patriotas,15,19,5,5,9,17,26,-9,20,
2018-ii,alianza,16,19,6,1,12,22,33,-11,19,
2018-ii,huila,17,19,4,6,9,13,22,-9,18,
2018-ii,pasto,18,19,3,6,10,11,21,-10,15,
2018-ii,jaguares,19,19,3,5,11,13,29,-16,14,
2018-ii,leones,20,19,1,6,12,15,28,-13,9,
2019-i,millonarios,1,20,11,6,3,30,15,15,39,
2019-i,cali,2,20,9,6,5,22,17,5,33,
2019-i,tolima,3,20,9,5,6,27,16,11,32,
2019-i,america,4,20,9,5,6,26,20,6,32,
2019-i,nacional,5,20,8,7,5,24,19,5,31,
2019-i,pasto,6,20,8,7,5,19,14,5,31,
2019-i,junior,7,20,6,12,2,24,18,6,30,
2019-i,magdalena,8,20,8,6,6,24,24,0,30,
2019-i,medellin,9,20,7,7,6,30,24,6,28,
2019-i,caldas,10,20,8,4,8,20,16,4,28,
2019-i,cucuta,11,20,8,3,9,25,27,-2,27,
2019-i,patriotas,12,20,7,6,7,20,31,-11,27,
2019-i,envigado,13,20,5,9,6,22,20,2,24,
2019-i,alianza,14,20,5,8,7,17,19,-2,23,
2019-i,jaguares,15,20,5,8,7,20,27,-7,23,
2019-i,equidad,16,20,4,10,6,21,22,-1,22,
2019-i,bucaramanga,17,20,5,6,9,17,26,-9,21,
2019-i,huila,18,20,4,7,9,19,32,-13,19,
2019-i,aguilas,19,20,3,7,10,17,30,-13,16,
2019-i,santafe,20,20,1,11,8,17,24,-7,14,
2019-ii,nacional,1,20,9,8,3,30,17,13,35,
2019-ii,america,2,20,10,5,5,29,26,3,35,
2019-ii,cali,3,20,10,4,6,34,25,9,34,
2019-ii,junior,4,20,9,6,5,16,9,7,33,
2019-ii,santafe,5,20,9,5,6,22,12,10,32,
2019-ii,tolima,6,20,9,5,6,24,16,8,32,
2019-ii,alianza,7,20,8,8,4,17,14,3,32,
2019-ii,cucuta,8,20,9,5,6,28,28,0,32,
2019-ii,medellin,9,20,9,4,7,32,26,6,31,
2019-ii,caldas,10,20,7,7,6,26,20,6,28,
2019-ii,millonarios,11,20,8,4,8,24,27,-3,28,
2019-ii,bucaramanga,12,20,6,7,7,23,23,0,25,
2019-ii,aguilas,13,20,5,9,6,25,27,-2,24,
2019-ii,pasto,14,20,5,8,7,24,25,-1,23,
2019-ii,patriotas,15,20,5,8,7,19,20,-1,23,
2019-ii,envigado,16,20,5,8,7,23,28,-5,23,
2019-ii,equidad,17,20,4,8,8,19,24,-5,20,
2019-ii,huila,18,20,2,10,8,13,24,-11,16,
2019-ii,jaguares,19,20,3,6,11,11,34,-23,15,
2019-ii,magdalena,20,20,3,5,12,14,28,-14,14,
2020,santafe,1,20,11,7,2,34,17,17,40,
2020,tolima,2,20,10,7,3,30,16,14,37,
2020,nacional,3,20,10,5,5,39,31,8,35,
2020,cali,4,20,8,10,2,32,23,9,34,
2020,pasto,5,20,9,7,4,27,20,7,34,
2020,junior,6,20,8,9,3,27,17,10,33,
2020,america,7,20,9,6,5,31,22,9,33,
2020,equidad,8,20,9,5,6,30,23,7,32,
2020,aguilas,9,20,8,7,5,27,21,6,31,
2020,millonarios,10,20,7,9,4,29,21,8,30,
2020,caldas,11,20,6,11,3,23,20,3,29,
2020,envigado,12,20,5,8,7,22,25,-3,23,
2020,bucaramanga,13,20,5,6,9,16,26,-10,21,
2020,medellin,14,20,5,5,10,22,28,-6,20,
2020,alianza,15,20,5,4,11,22,35,-13,19,
2020,pereira,16,20,4,6,10,17,24,-7,18,
2020,jaguares,17,20,3,8,9,21,30,-9,17,
2020,patriotas,18,20,3,8,9,10,21,-11,17,
2020,chico,19,20,4,3,13,13,33,-20,15,
2020,cucuta,20,20,3,5,12,18,38,-20,14,
2021-i,nacional,1,18,10,4,4,37,15,22,34,
2021-i,santafe,2,18,9,6,3,25,14,11,33,
2021-i,millonarios,3,18,10,3,5,25,18,7,33,
2021-i,cali,4,18,8,7,3,19,14,5,31,
2021-i,tolima,5,18,8,6,4,22,14,8,30,
2021-i,equidad,6,18,8,6,4,21,18,3,30,
2021-i,junior,7,18,8,5,5,21,13,8,29,
2021-i,america,8,18,7,8,3,19,12,7,29,
2021-i,medellin,9,18,6,8,4,17,15,2,26,
2021-i,jaguares,10,18,7,4,7,21,21,0,25,
2021-i,bucaramanga,11,18,6,6,6,20,16,4,24,
2021-i,pasto,12,18,4,11,3,19,20,-1,23,
2021-i,chico,13,18,5,4,9,17,20,-3,19,
2021-i,pereira,14,18,4,6,8,16,24,-8,18,
2021-i,caldas,15,18,3,8,7,20,23,-3,17,
2021-i,envigado,16,18,3,8,7,15,23,-8,17,
2021-i,patriotas,17,18,5,2,11,17,31,-14,17,
2021-i,aguilas,18,18,2,8,8,13,24,-11,14,
2021-i,alianza,19,18,0,6,12,10,39,-29,6,
2021-ii,nacional,1,20,12,6,2,32,13,19,42,
2021-ii,millonarios,2,20,11,3,6,36,23,13,36,
2021-ii,tolima,3,20,9,9,2,25,13,12,36,
2021-ii,junior,4,20,8,9,3,25,21,4,33,
2021-ii,pereira,5,20,9,6,5,24,21,3,33,
2021-ii,alianza,6,20,8,7,5,27,18,9,31,
2021-ii,cali,7,20,8,7,5,27,21,6,31,
2021-ii,america,8,20,8,5,7,25,19,6,29,
2021-ii,envigado,9,20,7,6,7,24,23,1,27,
2021-ii,bucaramanga,10,20,7,6,7,26,29,-3,27,
2021-ii,jaguares,11,20,7,6,7,23,26,-3,27,
2021-ii,medellin,12,20,5,11,4,14,15,-1,26,
2021-ii,aguilas,13,20,7,4,9,24,25,-1,25,
2021-ii,santafe,14,20,6,7,7,21,22,-1,25,
2021-ii,equidad,15,20,6,7,7,20,21,-1,25,
2021-ii,quindio,16,20,6,4,10,18,24,-6,22,
2021-ii,caldas,17,20,5,5,10,18,30,-12,20,
2021-ii,patriotas,18,20,4,6,10,14,21,-7,18,
2021-ii,pasto,19,20,4,4,12,13,28,-15,16,
2021-ii,huila,20,20,2,4,14,12,35,-23,10,
2022-i,millonarios,1,20,13,3,4,23,11,12,42,
2022-i,tolima,2,20,12,4,4,29,14,15,40,
2022-i,nacional,3,20,10,6,4,26,15,11,36,
2022-i,medellin,4,20,10,4,6,25,19,6,34,
2022-i,junior,5,20,10,2,8,30,21,9,32,
2022-i,envigado,6,20,8,7,5,22,21,1,31,
2022-i,equidad,7,20,7,9,4,21,16,5,30,
2022-i,bucaramanga,8,20,8,5,7,27,25,2,29,
2022-i,alianza,9,20,7,8,5,22,20,2,29,
2022-i,santafe,10,20,7,6,7,29,26,3,27,
2022-i,jaguares,11,20,8,3,9,26,29,-3,27,
2022-i,caldas,12,20,6,8,6,18,18,0,26,
2022-i,aguilas,13,20,7,4,9,17,26,-9,25,
2022-i,pereira,14,20,6,5,9,21,26,-5,23,
2022-i,america,15,20,6,5,9,20,25,-5,23,
2022-i,pasto,16,20,5,7,8,16,20,-4,22,
2022-i,patriotas,17,20,5,6,9,19,23,-4,21,
2022-i,cortulua,18,20,5,5,10,21,27,-6,20,
2022-i,cali,19,20,4,6,10,14,24,-10,18,
2022-i,magdalena,20,20,2,5,13,8,28,-20,11,
2022-ii,santafe,1,20,10,4,6,25,26,-1,34,
2022-ii,aguilas,2,20,8,9,3,23,15,8,33,
2022-ii,medellin,3,20,9,6,5,30,25,5,33,
2022-ii,millonarios,4,20,9,5,6,29,19,10,32,
2022-ii,pereira,5,20,9,5,6,26,21,5,32,
2022-ii,pasto,6,20,9,5,6,24,23,1,32,
2022-ii,america,7,20,7,10,3,21,11,10,31,
2022-ii,junior,8,20,9,4,7,24,19,5,31,
2022-ii,nacional,9,20,7,9,4,31,25,6,30,
2022-ii,caldas,10,20,7,9,4,21,18,3,30,
2022-ii,bucaramanga,11,20,9,3,8,26,25,1,30,
2022-ii,magdalena,12,20,8,5,7,23,28,-5,29,
2022-ii,equidad,13,20,6,10,4,28,27,1,28,
2022-ii,tolima,14,20,6,8,6,23,22,1,26,
2022-ii,envigado,15,20,7,5,8,22,22,0,26,
2022-ii,jaguares,16,20,4,8,8,14,20,-6,20,
2022-ii,alianza,17,20,4,5,11,24,32,-8,17,
2022-ii,cali,18,20,3,7,10,22,35,-13,16,
2022-ii,patriotas,19,20,3,6,11,21,28,-7,15,
2022-ii,cortulua,20,20,2,5,13,12,28,-16,11,
2023-i,aguilas,1,20,11,6,3,32,21,11,39,
2023-i,millonarios,2,20,10,8,2,30,18,12,38,
2023-i,nacional,3,20,9,8,3,26,14,12,35,
2023-i,america,4,20,9,5,6,32,23,9,32,
2023-i,chico,5,20,7,9,4,24,18,6,30,
2023-i,alianza,6,20,9,3,8,27,22,5,30,
2023-i,medellin,7,20,8,5,7,29,24,5,29,
2023-i,pasto,8,20,8,5,7,22,21,1,29,
2023-i,junior,9,20,7,7,6,17,17,0,28,
2023-i,santafe,10,20,7,5,8,29,25,4,26,
2023-i,equidad,11,20,5,11,4,20,17,3,26,
2023-i,pereira,12,20,6,7,7,24,25,-1,25,
2023-i,tolima,13,20,5,9,6,23,26,-3,24,
2023-i,cali,14,20,5,8,7,20,26,-6,23,
2023-i,bucaramanga,15,20,4,8,8,15,21,-6,20,
2023-i,envigado,16,20,4,8,8,14,20,-6,20,
2023-i,caldas,17,20,4,8,8,17,24,-7,20,
2023-i,jaguares,18,20,4,7,9,16,26,-10,19,
2023-i,magdalena,19,20,3,10,7,16,30,-14,19,
2023-i,huila,20,20,5,3,12,20,35,-15,18,
2023-ii,aguilas,1,20,12,8,0,35,12,23,44,
2023-ii,medellin,2,20,10,9,1,30,15,15,39,
2023-ii,america,3,20,10,7,3,35,19,16,37,
2023-ii,tolima,4,20,11,4,5,23,17,6,37,
2023-ii,nacional,5,20,10,3,7,33,21,12,33,
2023-ii,junior,6,20,8,6,6,29,17,12,30,
2023-ii,millonarios,7,20,8,6,6,21,20,1,30,
2023-ii,cali,8,20,7,7,6,25,25,0,28,
2023-ii,alianza,9,20,8,4,8,18,24,-6,28,
2023-ii,equidad,10,20,5,11,4,19,20,-1,26,
2023-ii,bucaramanga,11,20,7,5,8,20,22,-2,26,
2023-ii,pasto,12,20,6,7,7,16,20,-4,25,
2023-ii,santafe,13,20,6,6,8,21,29,-8,24,
2023-ii,caldas,14,20,5,7,8,21,22,-1,22,
2023-ii,magdalena,15,20,5,7,8,21,32,-11,22,
2023-ii,huila,16,20,4,7,9,18,22,-4,19,
2023-ii,pereira,17,20,5,4,11,19,28,-9,19,
2023-ii,chico,18,20,3,10,7,15,26,-11,19,
2023-ii,jaguares,19,20,3,5,12,7,21,-14,14,
2023-ii,envigado,20,20,2,7,11,18,32,-14,13,
2024-i,bucaramanga,1,19,11,5,3,24,10,14,38,
2024-i,tolima,2,19,11,5,3,31,18,13,38,
2024-i,pereira,3,19,10,4,5,28,18,10,34,
2024-i,santafe,4,19,10,4,5,22,12,10,34,
2024-i,equidad,5,19,9,6,4,22,14,8,33,
2024-i,millonarios,6,19,9,4,6,28,20,8,31,
2024-i,junior,7,19,8,5,6,24,21,3,29,
2024-i,caldas,8,19,8,5,6,16,16,0,29,
2024-i,medellin,9,19,8,5,6,22,31,-9,29,
2024-i,america,10,19,6,7,6,22,16,6,25,
2024-i,aguilas,11,19,7,4,8,20,19,1,25,
2024-i,nacional,12,19,6,6,7,21,20,1,24,
2024-i,fortaleza,13,19,6,6,7,18,20,-2,24,
2024-i,jaguares,14,19,5,7,7,17,20,-3,22,
2024-i,cali,15,19,5,6,8,24,24,0,21,
2024-i,pasto,16,19,5,4,10,15,21,-6,19,
2024-i,chico,17,19,5,3,11,22,35,-13,18,
2024-i,envigado,18,19,3,7,9,15,25,-10,16,
2024-i,alianza,19,19,4,4,11,15,29,-14,16,
2024-i,patriotas,20,19,4,3,12,8,25,-17,15,
2024-ii,santafe,1,19,10,7,2,26,12,14,37,
2024-ii,america,2,19,11,4,4,27,16,11,37,
2024-ii,millonarios,3,19,10,5,4,27,13,14,35,
2024-ii,tolima,4,19,10,4,5,25,12,13,34,
2024-ii,nacional,5,19,9,5,5,27,20,7,32,
2024-ii,junior,6,19,8,7,4,26,16,10,31,
2024-ii,caldas,7,19,9,4,6,21,19,2,31,
2024-ii,pasto,8,19,9,3,7,25,18,7,30,
2024-ii,medellin,9,19,7,8,4,23,15,8,29,
2024-ii,bucaramanga,10,19,8,4,7,21,17,4,28,
2024-ii,fortaleza,11,19,7,6,6,23,20,3,27,
2024-ii,pereira,12,19,7,6,6,19,18,1,27,
2024-ii,equidad,13,19,5,7,7,20,26,-6,22,
2024-ii,aguilas,14,19,5,6,8,18,27,-9,21,
2024-ii,patriotas,15,19,5,5,9,23,29,-6,20,
2024-ii,alianza,16,19,4,5,10,17,25,-8,17,
2024-ii,cali,17,19,4,5,10,15,28,-13,17,
2024-ii,jaguares,18,19,3,6,10,9,24,-15,15,
2024-ii,chico,19,19,4,3,12,13,34,-21,15,
2024-ii,envigado,20,19,3,4,12,9,25,-16,13,
2025-i,america,1,20,11,6,3,29,12,17,39,
2025-i,millonarios,2,20,11,5,4,30,17,13,38,
2025-i,junior,3,20,10,7,3,26,16,10,37,
2025-i,tolima,4,20,10,6,4,30,19,11,36,
2025-i,nacional,5,20,10,5,5,37,21,16,35,
2025-i,santafe,6,20,9,6,5,28,23,5,33,
2025-i,caldas,7,20,10,3,7,26,22,4,33,
2025-i,medellin,8,20,8,8,4,19,11,8,32,
2025-i,bucaramanga,9,20,8,5,7,24,20,4,29,
2025-i,alianza,10,20,8,5,7,23,21,2,29,
2025-i,pasto,11,20,8,5,7,20,20,0,29,
2025-i,pereira,12,20,7,7,6,22,21,1,28,
2025-i,cali,13,20,5,9,6,14,17,-3,24,
2025-i,aguilas,14,20,4,9,7,17,19,-2,21,
2025-i,llaneros,15,20,6,2,12,20,28,-8,20,
2025-i,fortaleza,16,20,5,5,10,15,25,-10,20,
2025-i,chico,17,20,4,8,8,14,31,-17,20,
2025-i,envigado,18,20,5,3,12,16,29,-13,18,
2025-i,magdalena,19,20,1,8,11,14,30,-16,11,
2025-i,equidad,20,20,2,4,14,13,35,-22,10,
2025-ii,medellin,1,20,12,4,4,46,28,18,40,
2025-ii,tolima,2,20,12,2,6,29,17,12,38,
2025-ii,nacional,3,20,10,7,3,38,24,14,37,
2025-ii,bucaramanga,4,20,11,4,5,31,20,11,37,
2025-ii,junior,5,20,10,5,5,35,25,10,35,
2025-ii,fortaleza,6,20,9,8,3,25,19,6,35,
2025-ii,santafe,7,20,8,7,5,21,17,4,31,
2025-ii,america,8,20,8,5,7,23,19,4,29,
2025-ii,alianza,9,20,8,5,7,24,22,2,29,
2025-ii,aguilas,10,20,7,6,7,29,27,2,27,
2025-ii,caldas,11,20,7,6,7,21,24,-3,27,
2025-ii,millonarios,12,20,7,5,8,23,26,-3,26,
2025-ii,llaneros,13,20,7,4,9,17,25,-8,25,
2025-ii,cali,14,20,5,6,9,22,28,-6,21,
2025-ii,magdalena,15,20,6,3,11,22,32,-10,21,
2025-ii,envigado,16,20,4,8,8,18,22,-4,20,
2025-ii,pasto,17,20,4,7,9,26,28,-2,19,
2025-ii,pereira,18,20,4,6,10,19,36,-17,18,
2025-ii,chico,19,20,3,7,10,14,29,-15,16,
2025-ii,equidad,20,20,3,5,12,14,29,-15,14,
2026-i,nacional,1,19,13,1,5,35,15,20,40,
2026-i,junior,2,19,11,2,6,31,24,7,35,
2026-i,pasto,3,19,10,4,5,29,25,4,34,
2026-i,america,4,19,10,3,6,25,15,10,33,
2026-i,caldas,5,19,8,9,2,31,22,9,33,
2026-i,tolima,6,19,8,7,4,27,17,10,31,
2026-i,santafe,7,19,7,8,4,29,22,7,29,
2026-i,internacional-bogota,8,19,7,7,5,26,26,0,28,
2026-i,cali,9,19,7,6,6,20,16,4,27,
2026-i,millonarios,10,19,7,5,7,31,23,8,26,
2026-i,medellin,11,19,7,5,7,26,24,2,26,
2026-i,aguilas,12,19,7,5,7,20,25,-5,26,
2026-i,bucaramanga,13,19,5,8,6,26,20,6,23,
2026-i,llaneros,14,19,4,10,5,17,20,-3,22,
2026-i,fortaleza,15,19,5,7,7,22,27,-5,22,
2026-i,jaguares,16,19,5,3,11,20,33,-13,18,
2026-i,alianza,17,19,3,8,8,13,27,-14,17,
2026-i,chico,18,19,5,2,12,15,32,-17,17,
2026-i,cucuta,19,19,3,7,9,22,35,-13,16,
2026-i,pereira,20,19,1,7,11,15,32,-17,10,
2026-ii,america,1,8,6,2,0,20,4,16,20,
2026-ii,tolima,2,8,5,1,2,12,9,3,16,
2026-ii,medellin,3,7,5,0,2,13,8,5,15,
2026-ii,santafe,4,8,3,4,1,12,9,3,13,
2026-ii,millonarios,5,9,3,4,2,10,7,3,13,
2026-ii,nacional,6,5,4,0,1,12,4,8,12,
2026-ii,llaneros,7,9,3,2,4,11,12,-1,11,
2026-ii,internacional-bogota,8,9,2,5,2,11,12,-1,11,
2026-ii,aguilas,9,6,2,4,0,10,8,2,10,
2026-ii,bucaramanga,10,6,2,4,0,7,5,2,10,
2026-ii,caldas,11,7,2,3,2,11,9,2,9,
2026-ii,cali,12,7,2,3,2,9,7,2,9,
2026-ii,cucuta,13,8,2,3,3,8,13,-5,9,
2026-ii,fortaleza,14,9,1,5,3,10,12,-2,8,
2026-ii,chico,15,7,2,2,3,6,13,-7,8,
2026-ii,jaguares,16,8,1,4,3,9,14,-5,7,
2026-ii,pereira,17,6,1,3,2,3,6,-3,6,
2026-ii,alianza,18,8,1,2,5,6,15,-9,5,
2026-ii,junior,19,7,0,3,4,8,13,-5,3,
2026-ii,pasto,20,8,0,2,6,7,15,-8,2,
